avg_monthly_hrs,filed_complaint,last_evaluation,n_projects,recently_promoted,satisfaction,tenure,last_evaluation_missing,underperformer,unhappy,overachiever,department_IT,department_Missing,department_admin,department_engineering,department_finance,department_management,department_marketing,department_procurement,department_product,department_sales,department_support,salary_high,salary_low,salary_medium,prediction
228,0.0,0.735617884,2,0.0,0.805661074,3.0,0,0,0,0,0,0,0,0,0,1,0,0,0,0,0,1,0,0,0.0
229,0.0,1.0,4,0.0,0.71996055,4.0,0,0,0,1,0,0,0,0,0,0,0,0,1,0,0,0,1,0,0.04
196,1.0,0.557426166,4,0.0,0.749835458,2.0,0,1,0,0,0,0,0,0,0,0,0,0,0,1,0,0,1,0,0.0
207,0.0,0.715171294,3,0.0,0.987447352,3.0,0,0,0,0,1,0,0,0,0,0,0,0,0,0,0,1,0,0,0.0
129,0.0,0.48481788,2,0.0,0.441218574,3.0,0,1,0,0,0,0,0,0,0,1,0,0,0,0,0,0,1,0,1.0
125,1.0,0.905482444,5,0.0,0.474793244,3.0,0,0,0,0,0,0,0,0,0,0,0,0,0,1,0,0,1,0,0.02
176,1.0,0.515746806,4,0.0,0.742795391,4.0,0,1,0,0,0,0,0,0,0,0,0,0,0,1,0,0,1,0,0.0
252,0.0,0.848242901,4,0.0,0.523319116,3.0,0,0,0,0,0,0,0,0,0,1,0,0,0,0,0,0,1,0,0.01
213,0.0,0.549430552,3,0.0,0.640055823,4.0,0,1,0,0,0,0,0,0,0,0,0,0,0,0,1,0,1,0,0.01
158,0.0,0.571073829,2,0.0,0.451835631,3.0,0,1,0,0,0,0,0,0,0,0,0,0,0,0,1,0,1,0,1.0
268,0.0,0.993273847,4,0.0,0.603060683,2.0,0,0,0,0,0,0,0,1,0,0,0,0,0,0,0,0,1,0,0.0
223,0.0,0.798943712,4,0.0,0.749307406,3.0,0,0,0,0,0,0,0,1,0,0,0,0,0,0,0,0,0,1,0.0
233,1.0,0.780726966,4,0.0,0.853966134,4.0,0,0,0,0,0,0,0,0,0,0,0,0,0,0,1,0,1,0,0.34
249,0.0,0.826735644,4,0.0,0.860247132,3.0,0,0,0,1,0,0,0,0,0,0,0,0,0,1,0,0,1,0,0.01
244,0.0,0.647449701,4,0.0,0.819767865,3.0,0,0,0,0,0,0,0,0,0,0,0,0,1,0,0,0,1,0,0.01
257,0.0,0.807960564,6,0.0,0.043275076,4.0,0,0,1,0,0,0,0,0,1,0,0,0,0,0,0,0,0,1,0.99
160,0.0,0.992553105,4,0.0,0.648948121,2.0,0,0,0,0,0,0,0,0,0,0,0,0,0,1,0,0,0,1,0.0
248,0.0,0.8049018,5,0.0,0.707852219,4.0,0,0,0,1,0,0,0,0,0,1,0,0,0,0,0,0,0,1,0.05
162,0.0,0.690782563,4,0.0,0.660201583,10.0,0,0,0,0,0,0,0,0,0,1,0,0,0,0,0,1,0,0,0.0
207,0.0,0.550414109,4,0.0,0.931644652,3.0,0,1,0,0,0,0,0,0,0,0,0,0,1,0,0,0,1,0,0.0
245,0.0,0.623552429,3,0.0,0.576377978,2.0,0,0,0,0,0,0,0,0,0,0,0,0,1,0,0,0,0,1,0.0
201,0.0,0.649378977,3,0.0,0.709474944,4.0,0,0,0,0,0,0,0,0,0,1,0,0,0,0,0,0,0,1,0.01
165,0.0,0.624215114,3,0.0,0.647353797,3.0,0,0,0,0,0,0,0,0,0,0,0,0,0,1,0,0,1,0,0.04
188,0.0,0.410992349,3,0.0,0.838359594,4.0,0,1,0,0,0,0,0,0,0,0,0,0,0,1,0,1,0,0,0.0
148,0.0,0.0,4,0.0,0.753868792,2.0,1,0,0,0,0,0,0,0,0,0,0,0,0,0,1,0,1,0,0.0
296,0.0,0.838477416,7,0.0,0.152410773,4.0,0,0,1,0,0,0,0,0,0,0,0,0,0,1,0,0,1,0,1.0
163,1.0,0.703263257,3,0.0,0.541761052,3.0,0,0,0,0,1,0,0,0,0,0,0,0,0,0,0,0,1,0,0.0
256,0.0,0.446633195,4,0.0,0.256910249,5.0,0,1,0,0,0,1,0,0,0,0,0,0,0,0,0,0,1,0,0.01
159,0.0,0.0,3,0.0,0.812480105,3.0,1,0,0,0,0,1,0,0,0,0,0,0,0,0,0,0,0,1,0.0
160,0.0,0.0,3,0.0,0.825673431,3.0,1,0,0,0,0,0,0,0,0,0,0,0,0,1,0,0,1,0,0.0
208,0.0,0.952785469,5,0.0,0.819059626,3.0,0,0,0,1,0,0,0,0,0,0,0,0,1,0,0,0,1,0,0.0
197,0.0,0.918574104,4,0.0,0.810474062,2.0,0,0,0,1,0,0,0,0,0,0,0,0,0,1,0,0,0,1,0.0
178,0.0,0.724307127,2,0.0,0.920924084,3.0,0,0,0,0,0,0,0,0,0,1,0,0,0,0,0,0,0,1,0.01
226,0.0,0.498048151,4,0.0,0.606895181,5.0,0,1,0,0,0,0,0,0,0,0,0,0,0,1,0,0,1,0,0.0
259,0.0,0.800408254,5,1.0,0.951204285,3.0,0,0,0,1,0,0,0,0,0,0,0,0,0,0,1,0,0,1,0.02
271,0.0,0.97099605,5,0.0,0.77993988,5.0,0,0,0,1,0,0,0,0,0,0,0,0,0,0,1,0,1,0,1.0
242,0.0,0.846234826,4,0.0,0.771210209,6.0,0,0,0,1,0,0,0,0,0,0,0,0,0,1,0,0,1,0,0.99
205,0.0,0.813889399,4,0.0,0.867590735,2.0,0,0,0,1,0,0,0,0,0,0,0,0,0,1,0,0,1,0,0.0
267,0.0,0.551174304,4,0.0,0.544889887,2.0,0,1,0,0,0,0,0,1,0,0,0,0,0,0,0,1,0,0,0.0
190,0.0,0.871756014,5,0.0,0.88844099,2.0,0,0,0,1,0,0,0,0,0,0,0,0,0,1,0,0,1,0,0.0
145,0.0,0.585053653,4,0.0,0.448937685,2.0,0,1,0,0,0,0,0,1,0,0,0,0,0,0,0,0,0,1,0.02
174,1.0,0.0,4,0.0,0.809714415,3.0,1,0,0,0,0,0,0,0,0,0,0,1,0,0,0,0,1,0,0.0
157,0.0,0.960704453,2,0.0,0.908356185,3.0,0,0,0,1,0,0,0,0,0,0,0,0,0,1,0,0,0,1,0.07
157,0.0,0.572793631,2,0.0,0.357307244,3.0,0,1,0,0,0,0,0,0,0,0,0,0,0,0,1,0,1,0,1.0
278,0.0,0.608067819,4,0.0,0.150283516,6.0,0,0,1,0,0,0,0,1,0,0,0,0,0,0,0,0,1,0,0.08
177,0.0,0.803273318,2,0.0,1.0,4.0,0,0,0,1,0,0,0,0,0,0,0,0,1,0,0,0,1,0,0.03
188,1.0,0.821478148,4,0.0,0.612704097,3.0,0,0,0,0,0,0,0,0,0,0,1,0,0,0,0,0,1,0,0.01
156,0.0,0.598171326,3,0.0,0.340493165,3.0,0,1,0,0,0,0,0,0,0,0,0,0,0,1,0,0,0,1,0.01
278,0.0,0.64977008,2,0.0,0.357610466,4.0,0,0,0,0,0,0,0,0,0,0,0,1,0,0,0,0,1,0,0.47
162,1.0,0.522205942,3,0.0,0.475711043,3.0,0,1,0,0,0,0,0,0,0,0,0,0,0,1,0,0,0,1,0.0
206,0.0,0.860155547,2,0.0,0.216451482,4.0,0,0,0,0,0,0,0,0,0,0,0,0,0,0,1,0,0,1,0.05
167,1.0,0.0,3,0.0,0.531586234,2.0,1,0,0,0,1,0,0,0,0,0,0,0,0,0,0,0,1,0,0.02
139,0.0,0.973841065,4,0.0,0.963395359,3.0,0,0,0,1,0,0,0,0,0,0,0,0,0,0,1,0,0,1,0.0
160,1.0,0.936679284,3,0.0,0.778140756,3.0,0,0,0,1,0,0,0,1,0,0,0,0,0,0,0,0,0,1,0.0
161,1.0,0.524297352,5,0.0,0.973181754,3.0,0,1,0,0,0,0,0,0,1,0,0,0,0,0,0,1,0,0,0.01
128,0.0,0.0,2,0.0,0.354537792,3.0,1,0,0,0,0,0,0,1,0,0,0,0,0,0,0,0,0,1,1.0
161,0.0,0.649414081,2,0.0,0.407943553,2.0,0,0,0,0,0,0,0,0,0,0,0,0,1,0,0,0,0,1,0.04
140,0.0,0.918119759,4,0.0,0.655658164,2.0,0,0,0,0,0,0,0,0,1,0,0,0,0,0,0,0,1,0,0.02
181,0.0,0.0,4,0.0,0.628293848,2.0,1,0,0,0,1,0,0,0,0,0,0,0,0,0,0,0,1,0,0.0
274,0.0,0.967584542,5,0.0,0.61396561,3.0,0,0,0,0,0,0,1,0,0,0,0,0,0,0,0,0,0,1,0.02
192,0.0,0.0,3,0.0,0.567457153,3.0,1,0,0,0,0,0,0,1,0,0,0,0,0,0,0,0,1,0,0.01
220,0.0,0.962790858,4,0.0,0.591647186,10.0,0,0,0,0,0,0,0,0,0,0,1,0,0,0,0,0,0,1,0.03
194,0.0,0.678049187,4,0.0,0.69598137,2.0,0,0,0,0,0,0,0,0,0,1,0,0,0,0,0,1,0,0,0.0
227,0.0,0.763685183,4,0.0,0.20972083,5.0,0,0,0,0,0,0,0,0,0,0,1,0,0,0,0,0,0,1,0.03
222,0.0,0.938263091,5,0.0,0.532951448,4.0,0,0,0,0,0,0,0,0,0,0,0,0,0,0,1,0,0,1,0.06
269,0.0,0.897574502,5,0.0,0.909097563,5.0,0,0,0,1,0,0,0,1,0,0,0,0,0,0,0,0,1,0,1.0
218,0.0,0.785813012,4,0.0,0.209748097,6.0,0,0,0,0,0,0,0,1,0,0,0,0,0,0,0,0,1,0,0.04
202,0.0,0.880732592,3,0.0,0.841047596,2.0,0,0,0,1,0,0,0,0,0,0,0,0,0,1,0,0,0,1,0.0
230,1.0,0.73423113,5,0.0,0.815076659,4.0,0,0,0,0,0,0,0,0,1,0,0,0,0,0,0,0,1,0,0.02
157,0.0,0.568914094,2,0.0,0.475716328,3.0,0,1,0,0,0,0,0,0,1,0,0,0,0,0,0,0,1,0,1.0
148,0.0,0.688649821,3,0.0,0.484179275,3.0,0,0,0,0,0,0,0,0,1,0,0,0,0,0,0,0,1,0,0.04
161,0.0,0.527520547,5,0.0,0.693180151,5.0,0,1,0,0,0,0,0,1,0,0,0,0,0,0,0,1,0,0,0.61
195,0.0,0.81571693,4,0.0,0.57253271,2.0,0,0,0,0,0,0,0,0,0,0,0,0,0,1,0,0,1,0,0.0
140,0.0,0.532709341,2,0.0,0.501377877,3.0,0,1,0,0,0,0,0,0,0,0,0,0,0,1,0,0,1,0,1.0
188,0.0,0.731500745,4,0.0,0.724246634,2.0,0,0,0,0,0,0,0,1,0,0,0,0,0,0,0,0,1,0,0.0
225,0.0,0.89871737,5,0.0,0.864732323,5.0,0,0,0,1,0,0,0,0,0,0,0,0,0,1,0,0,1,0,1.0
261,1.0,0.50297267,4,0.0,0.283198766,3.0,0,1,0,0,0,0,0,0,0,0,0,0,0,1,0,0,0,1,0.03
154,0.0,0.714214019,6,0.0,0.449903005,2.0,0,0,0,0,0,0,0,0,0,1,0,0,0,0,0,1,0,0,0.04
104,0.0,0.848221941,5,0.0,0.477291516,4.0,0,0,0,0,0,0,0,1,0,0,0,0,0,0,0,1,0,0,0.08
171,0.0,0.905893642,5,0.0,0.860406046,2.0,0,0,0,1,0,0,0,0,0,0,0,0,0,1,0,0,1,0,0.0
151,0.0,0.458516697,4,0.0,0.315843329,6.0,0,1,0,0,0,0,0,0,0,1,0,0,0,0,0,0,0,1,0.01
263,0.0,0.993685027,5,0.0,0.835782027,5.0,0,0,0,1,0,0,0,1,0,0,0,0,0,0,0,0,0,1,1.0
159,0.0,0.49530004,2,0.0,0.366126315,3.0,0,1,0,0,0,0,0,1,0,0,0,0,0,0,0,0,1,0,1.0
163,0.0,0.432458913,4,0.0,0.193249423,6.0,0,1,1,0,0,0,0,0,0,0,0,0,0,1,0,1,0,0,0.01
222,0.0,0.671499562,4,0.0,0.879037373,2.0,0,0,0,0,1,0,0,0,0,0,0,0,0,0,0,0,1,0,0.01
266,0.0,0.800767527,5,0.0,0.956691696,2.0,0,0,0,1,0,0,0,0,0,0,0,0,0,1,0,0,1,0,0.01
229,0.0,0.941178768,4,0.0,0.818718806,5.0,0,0,0,1,0,0,0,0,0,0,0,0,0,0,1,0,1,0,0.99
270,0.0,0.755025201,4,0.0,0.250019746,2.0,0,0,0,0,0,0,0,0,0,0,0,0,0,1,0,1,0,0,0.12
153,0.0,0.626691374,4,0.0,0.865419786,4.0,0,0,0,0,1,0,0,0,0,0,0,0,0,0,0,0,1,0,0.07
201,0.0,0.876844892,4,0.0,0.479392293,8.0,0,0,0,0,0,0,0,0,0,0,0,0,0,1,0,0,0,1,0.0
181,0.0,0.52930372,3,0.0,0.981621827,3.0,0,1,0,0,0,0,0,1,0,0,0,0,0,0,0,0,1,0,0.0
233,0.0,0.497174865,3,0.0,0.506743096,4.0,0,1,0,0,1,0,0,0,0,0,0,0,0,0,0,0,1,0,0.1
262,0.0,0.562658116,4,0.0,0.801351822,4.0,0,1,0,0,0,0,0,0,1,0,0,0,0,0,0,0,1,0,0.02
156,0.0,0.701803172,4,0.0,0.926945801,2.0,0,0,0,0,0,0,0,0,0,0,0,0,0,0,1,0,1,0,0.0
149,0.0,0.525212471,2,0.0,0.433493072,3.0,0,1,0,0,0,0,0,0,0,0,0,0,0,1,0,0,1,0,1.0
174,0.0,0.926321385,4,0.0,0.97370731,3.0,0,0,0,1,0,0,0,0,0,0,0,0,0,0,1,0,1,0,0.0
260,0.0,0.676624456,4,0.0,0.7547021,3.0,0,0,0,0,0,0,0,1,0,0,0,0,0,0,0,0,0,1,0.0
257,0.0,0.771126964,4,0.0,0.523893361,3.0,0,0,0,0,0,0,0,0,0,0,0,0,0,0,1,0,0,1,0.04
157,0.0,0.779186602,4,0.0,0.688292322,3.0,0,0,0,0,1,0,0,0,0,0,0,0,0,0,0,0,0,1,0.0
280,0.0,0.955363102,6,0.0,0.074024706,4.0,0,0,1,0,0,0,0,0,0,0,0,0,0,1,0,0,1,0,1.0
147,0.0,0.581610528,3,0.0,0.658594321,4.0,0,1,0,0,0,0,0,1,0,0,0,0,0,0,0,0,1,0,0.03
275,0.0,0.589799707,6,0.0,0.110892163,5.0,0,1,1,0,0,0,0,0,0,0,0,0,0,1,0,0,1,0,0.44
133,0.0,0.777835425,4,0.0,0.691679513,2.0,0,0,0,0,1,0,0,0,0,0,0,0,0,0,0,0,0,1,0.0
300,0.0,0.957338138,4,0.0,0.694679799,5.0,0,0,0,0,0,0,0,0,0,0,0,0,0,0,1,0,0,1,0.67
140,0.0,0.550396567,2,0.0,0.389195183,3.0,0,1,0,0,1,0,0,0,0,0,0,0,0,0,0,0,1,0,0.99
225,0.0,1.0,6,0.0,0.733522254,4.0,0,0,0,1,0,0,0,0,0,0,0,0,0,0,1,0,0,1,0.08
139,0.0,0.57350706,2,0.0,0.452876197,3.0,0,1,0,0,0,0,0,0,0,0,0,0,0,1,0,0,1,0,1.0
135,0.0,0.85992833,4,0.0,0.961130894,3.0,0,0,0,1,0,0,0,1,0,0,0,0,0,0,0,0,1,0,0.01
148,1.0,0.598877012,3,0.0,0.61629218,2.0,0,1,0,0,0,0,0,1,0,0,0,0,0,0,0,0,1,0,0.0
276,0.0,0.849135958,6,0.0,0.065203189,4.0,0,0,1,0,0,0,0,1,0,0,0,0,0,0,0,0,1,0,0.99
221,1.0,0.82546768,4,0.0,0.748560542,2.0,0,0,0,1,0,0,0,0,1,0,0,0,0,0,0,0,1,0,0.0
183,0.0,0.906230311,3,0.0,0.777346195,4.0,0,0,0,1,0,0,1,0,0,0,0,0,0,0,0,0,1,0,0.07
249,0.0,0.556229257,4,0.0,0.701152536,5.0,0,1,0,0,1,0,0,0,0,0,0,0,0,0,0,0,0,1,0.09
119,0.0,0.410614175,3,0.0,0.454262078,2.0,0,1,0,0,0,0,0,0,0,0,0,0,0,1,0,0,1,0,0.01
207,0.0,0.583788885,3,1.0,0.588420918,7.0,0,1,0,0,0,0,0,0,0,1,0,0,0,0,0,0,0,1,0.0
231,0.0,0.945419325,3,0.0,0.574966534,3.0,0,0,0,0,0,1,0,0,0,0,0,0,0,0,0,0,1,0,0.0
176,0.0,0.495462585,5,0.0,0.544170858,5.0,0,1,0,0,0,0,0,0,0,0,0,0,0,0,1,0,0,1,0.05
158,1.0,0.741468352,3,0.0,0.686339585,3.0,0,0,0,0,0,0,0,0,0,0,0,0,0,1,0,0,1,0,0.0
162,0.0,0.53762948,3,0.0,0.799660405,3.0,0,1,0,0,0,0,0,0,0,0,1,0,0,0,0,0,0,1,0.0
199,1.0,0.918943805,5,0.0,0.660450366,3.0,0,0,0,0,0,0,0,0,0,0,1,0,0,0,0,0,1,0,0.01
272,0.0,0.558984444,5,0.0,0.185667399,5.0,0,1,1,0,0,0,0,0,0,0,0,0,1,0,0,0,1,0,0.06
294,0.0,0.923933819,6,0.0,0.103305458,4.0,0,0,1,0,1,0,0,0,0,0,0,0,0,0,0,0,0,1,1.0
262,0.0,0.797970344,4,0.0,0.605826345,3.0,0,0,0,0,0,0,0,0,0,0,0,0,0,1,0,0,1,0,0.02
192,0.0,0.90694046,4,0.0,0.908266029,4.0,0,0,0,1,1,0,0,0,0,0,0,0,0,0,0,1,0,0,0.06
186,0.0,0.857943909,3,0.0,1.0,2.0,0,0,0,1,0,0,0,0,0,0,0,0,0,1,0,0,1,0,0.01
252,0.0,0.806722454,5,0.0,0.161221866,4.0,0,0,1,0,0,0,0,1,0,0,0,0,0,0,0,0,0,1,0.45
159,0.0,0.512351472,2,0.0,0.455035783,3.0,0,1,0,0,0,0,0,0,0,0,0,0,0,1,0,0,1,0,1.0
167,0.0,0.854441264,3,0.0,0.598686407,2.0,0,0,0,0,0,0,0,0,0,0,0,0,1,0,0,0,1,0,0.0
156,0.0,0.526772407,3,0.0,0.845060559,3.0,0,1,0,0,0,0,0,0,0,0,0,0,1,0,0,0,1,0,0.01
185,0.0,0.507056439,3,0.0,0.645557348,3.0,0,1,0,0,0,0,0,0,0,0,1,0,0,0,0,0,0,1,0.0
232,0.0,0.587092298,4,0.0,0.97787614,2.0,0,1,0,0,0,1,0,0,0,0,0,0,0,0,0,0,0,1,0.0
166,0.0,0.64183609,3,0.0,0.637633972,3.0,0,0,0,0,1,0,0,0,0,0,0,0,0,0,0,1,0,0,0.01
142,0.0,0.46762869,2,0.0,0.450405645,3.0,0,1,0,0,0,1,0,0,0,0,0,0,0,0,0,0,0,1,0.99
234,0.0,0.723212959,4,0.0,0.591793504,3.0,0,0,0,0,0,0,0,0,0,0,0,0,0,1,0,1,0,0,0.0
178,0.0,0.0,4,0.0,1.0,3.0,1,0,0,0,0,0,0,1,0,0,0,0,0,0,0,0,1,0,0.0
159,0.0,0.448092573,2,0.0,0.274594387,4.0,0,1,0,0,0,0,0,0,0,0,0,0,0,1,0,0,0,1,0.21
136,0.0,0.554090712,2,0.0,0.406849064,3.0,0,1,0,0,0,0,0,0,0,0,0,0,0,1,0,0,1,0,1.0
217,0.0,0.963608678,4,0.0,0.899200047,5.0,0,0,0,1,0,0,0,1,0,0,0,0,0,0,0,0,1,0,0.98
152,0.0,0.568209182,2,0.0,0.407619707,3.0,0,1,0,0,0,0,0,0,0,0,0,0,0,1,0,0,1,0,1.0
146,0.0,0.879673566,4,0.0,0.818953585,3.0,0,0,0,1,0,0,0,1,0,0,0,0,0,0,0,0,1,0,0.0
168,0.0,0.529252854,6,0.0,0.810123379,3.0,0,1,0,0,0,0,0,0,0,0,0,0,0,1,0,0,1,0,0.0
167,0.0,0.0,3,0.0,1.0,2.0,1,0,0,0,0,0,0,0,0,0,0,0,0,1,0,0,1,0,0.0
180,1.0,0.478221836,2,0.0,0.541971641,5.0,0,1,0,0,0,0,0,1,0,0,0,0,0,0,0,0,1,0,0.02
213,0.0,0.835778629,3,0.0,0.7747544,3.0,0,0,0,1,0,0,0,1,0,0,0,0,0,0,0,1,0,0,0.0
149,0.0,0.0,5,0.0,0.727961821,3.0,1,0,0,0,0,0,0,0,0,0,0,0,0,1,0,0,0,1,0.01
217,0.0,0.634460847,5,0.0,0.759878252,3.0,0,0,0,0,0,0,0,0,0,1,0,0,0,0,0,1,0,0,0.0
220,0.0,0.651527904,4,0.0,0.775366369,2.0,0,0,0,0,1,0,0,0,0,0,0,0,0,0,0,0,0,1,0.0
138,1.0,0.48479569,3,0.0,0.7649322,2.0,0,1,0,0,0,0,0,1,0,0,0,0,0,0,0,0,0,1,0.0
152,0.0,0.904063352,4,0.0,0.83500823,7.0,0,0,0,1,0,0,0,0,0,0,0,0,0,1,0,0,1,0,0.05
264,0.0,0.904628783,6,0.0,0.092340579,4.0,0,0,1,0,0,0,0,0,0,0,0,0,0,0,1,0,0,1,1.0
156,0.0,0.948432527,2,0.0,0.811217133,4.0,0,0,0,1,0,0,0,0,0,0,0,0,0,0,1,1,0,0,0.0
144,0.0,0.738810617,3,0.0,0.883829192,3.0,0,0,0,0,0,0,0,0,0,1,0,0,0,0,0,1,0,0,0.0
136,0.0,0.868564816,3,0.0,0.525972727,3.0,0,0,0,0,0,0,0,0,0,0,1,0,0,0,0,1,0,0,0.0
158,0.0,0.477072418,2,0.0,0.431209728,3.0,0,1,0,0,0,0,0,0,0,0,0,0,0,1,0,0,0,1,1.0
246,0.0,0.853570933,4,0.0,0.446308106,2.0,0,0,0,0,0,0,0,0,0,0,0,0,1,0,0,0,0,1,0.01
161,1.0,0.0,5,0.0,0.632510481,3.0,1,0,0,0,0,0,0,0,0,0,0,0,0,0,1,0,1,0,0.01
207,0.0,0.725146859,3,0.0,0.592476344,2.0,0,0,0,0,0,0,0,0,0,0,0,0,0,0,1,0,0,1,0.02
219,0.0,0.673437559,4,0.0,0.998634725,2.0,0,0,0,0,0,0,0,0,0,0,0,0,0,1,0,0,0,1,0.0
176,0.0,0.592774535,6,0.0,0.486273484,4.0,0,1,0,0,0,0,0,0,0,0,0,0,0,1,0,0,0,1,0.06
253,1.0,0.0,3,0.0,0.789109002,2.0,1,0,0,0,0,0,0,0,0,0,0,0,0,1,0,0,1,0,0.0
301,0.0,0.945295235,7,0.0,0.106041172,4.0,0,0,1,0,0,0,0,0,0,0,1,0,0,0,0,0,1,0,1.0
250,0.0,0.885234243,4,0.0,0.89279394,5.0,0,0,0,1,0,0,0,0,0,0,0,0,0,1,0,0,0,1,0.99
225,0.0,0.63612547,2,0.0,0.646218186,10.0,0,0,0,0,0,0,0,0,0,1,0,0,0,0,0,1,0,0,0.01
137,0.0,0.477614182,2,0.0,0.35405999,3.0,0,1,0,0,0,0,0,1,0,0,0,0,0,0,0,0,1,0,1.0
301,0.0,0.817644107,6,0.0,0.131422998,5.0,0,0,1,0,0,0,1,0,0,0,0,0,0,0,0,0,0,1,1.0
160,1.0,0.662863357,3,0.0,0.951553887,4.0,0,0,0,0,0,0,0,0,0,0,0,0,0,1,0,0,1,0,0.0
139,0.0,0.567776316,4,0.0,0.570638107,5.0,0,1,0,0,0,0,0,0,0,0,0,0,0,0,1,0,1,0,0.08
148,0.0,0.522356372,2,0.0,0.463346335,3.0,0,1,0,0,0,0,0,0,0,0,0,0,0,0,1,0,1,0,1.0
142,0.0,0.799384779,4,0.0,0.964388216,10.0,0,0,0,0,0,0,0,1,0,0,0,0,0,0,0,1,0,0,0.02
211,0.0,0.980248573,3,0.0,0.885271063,2.0,0,0,0,1,0,0,0,0,0,0,0,0,0,1,0,0,0,1,0.0
187,0.0,0.982548214,4,0.0,0.594274557,3.0,0,0,0,0,0,0,0,0,0,1,0,0,0,0,0,1,0,0,0.0
180,0.0,0.418026901,3,0.0,0.521306329,3.0,0,1,0,0,0,0,0,0,0,0,0,0,0,0,1,0,0,1,0.0
164,0.0,0.489007506,4,0.0,0.781747806,3.0,0,1,0,0,0,0,0,0,0,0,0,0,0,1,0,0,0,1,0.03
229,0.0,0.481184412,2,1.0,0.782570928,3.0,0,1,0,0,0,0,0,1,0,0,0,0,0,0,0,0,0,1,0.01
141,1.0,0.482330783,2,0.0,0.462487794,3.0,0,1,0,0,0,0,0,1,0,0,0,0,0,0,0,0,1,0,1.0
137,0.0,0.53716811,2,0.0,0.332289375,3.0,0,1,0,0,0,0,0,1,0,0,0,0,0,0,0,0,0,1,0.99
273,0.0,0.636294114,4,0.0,0.721011294,2.0,0,0,0,0,1,0,0,0,0,0,0,0,0,0,0,1,0,0,0.01
160,1.0,0.558001512,4,0.0,0.662181586,3.0,0,1,0,0,0,0,0,0,0,0,0,0,0,0,1,0,1,0,0.0
144,0.0,0.912074838,4,0.0,0.682774202,4.0,0,0,0,0,0,0,0,0,0,0,0,0,0,1,0,0,0,1,0.04
248,0.0,0.972243853,4,0.0,0.701733485,3.0,0,0,0,1,1,0,0,0,0,0,0,0,0,0,0,0,0,1,0.03
254,0.0,0.951587252,3,0.0,0.831630879,2.0,0,0,0,1,0,0,0,0,0,0,0,0,0,0,1,0,0,1,0.01
242,1.0,0.938605237,5,0.0,0.810500493,3.0,0,0,0,1,0,0,0,0,1,0,0,0,0,0,0,0,0,1,0.01
237,0.0,0.0,4,0.0,0.54174151,2.0,1,0,0,0,0,0,0,0,0,0,0,0,0,0,1,0,0,1,0.04
197,1.0,0.995858857,5,0.0,0.895601626,5.0,0,0,0,1,0,0,0,1,0,0,0,0,0,0,0,0,1,0,0.09
309,0.0,0.879657503,6,0.0,0.152330989,4.0,0,0,1,0,0,0,0,0,0,0,0,0,0,0,1,0,0,1,1.0
132,0.0,0.912954521,4,0.0,0.654930444,3.0,0,0,0,0,1,0,0,0,0,0,0,0,0,0,0,0,0,1,0.09
180,0.0,0.662840714,3,0.0,0.790952345,3.0,0,0,0,0,0,0,0,0,0,1,0,0,0,0,0,1,0,0,0.0
134,0.0,0.653821568,4,0.0,1.0,3.0,0,0,0,0,1,0,0,0,0,0,0,0,0,0,0,1,0,0,0.0
213,1.0,0.685943698,4,0.0,0.976596695,2.0,0,0,0,0,1,0,0,0,0,0,0,0,0,0,0,0,1,0,0.0
254,0.0,0.882177689,5,0.0,0.807106074,6.0,0,0,0,1,0,0,0,0,0,0,0,0,0,1,0,0,1,0,1.0
259,0.0,0.982009704,4,0.0,0.76614812,2.0,0,0,0,1,0,0,0,0,0,0,0,0,0,0,1,0,1,0,0.0
169,1.0,0.536465381,4,0.0,0.743075762,3.0,0,1,0,0,0,0,0,0,0,0,0,0,0,1,0,0,1,0,0.01
216,0.0,0.539265682,4,0.0,1.0,2.0,0,1,0,0,0,0,0,0,0,0,0,0,0,1,0,1,0,0,0.01
155,0.0,0.528239474,2,0.0,0.386939727,3.0,0,1,0,0,0,0,0,0,0,0,0,0,0,0,1,0,1,0,1.0
252,0.0,0.838109205,4,0.0,0.646724819,3.0,0,0,0,0,1,0,0,0,0,0,0,0,0,0,0,0,0,1,0.02
269,0.0,0.782061535,5,0.0,0.71013071,5.0,0,0,0,0,0,0,0,1,0,0,0,0,0,0,0,0,1,0,0.71
275,0.0,0.588523625,4,0.0,0.142557922,10.0,0,1,1,0,0,0,0,0,0,0,0,0,0,1,0,0,0,1,0.03
174,0.0,0.979182838,3,0.0,0.670985749,2.0,0,0,0,0,0,0,0,0,0,0,0,0,0,0,1,0,1,0,0.04
193,0.0,0.600417857,4,0.0,0.856058348,2.0,0,0,0,0,0,0,0,0,0,0,0,0,0,0,1,1,0,0,0.0
154,1.0,0.597488743,2,0.0,0.440593795,3.0,0,1,0,0,0,0,0,0,0,0,1,0,0,0,0,0,0,1,0.95
274,0.0,0.783428441,4,0.0,0.949026329,3.0,0,0,0,0,0,0,0,0,0,0,0,0,0,0,1,0,0,1,0.06
166,0.0,0.805199793,3,0.0,0.54777745,3.0,0,0,0,0,1,0,0,0,0,0,0,0,0,0,0,0,0,1,0.03
227,0.0,0.698049599,3,0.0,0.945948419,3.0,0,0,0,0,0,0,0,0,0,0,0,0,0,1,0,0,1,0,0.0
155,0.0,0.43694265,5,0.0,0.367810638,3.0,0,1,0,0,0,0,0,1,0,0,0,0,0,0,0,0,0,1,0.01
256,0.0,0.829495576,4,0.0,0.633173681,2.0,0,0,0,0,0,0,0,0,0,0,0,0,0,0,1,0,0,1,0.0
153,0.0,0.685256862,4,0.0,0.77850584,3.0,0,0,0,0,1,0,0,0,0,0,0,0,0,0,0,1,0,0,0.0
142,0.0,0.491423228,5,0.0,0.432522428,4.0,0,1,0,0,1,0,0,0,0,0,0,0,0,0,0,0,0,1,0.01
238,0.0,0.467572153,4,0.0,0.954695303,3.0,0,1,0,0,0,0,0,1,0,0,0,0,0,0,0,0,0,1,0.0
196,1.0,0.60783859,3,0.0,0.68651113,3.0,0,0,0,0,0,0,0,1,0,0,0,0,0,0,0,0,1,0,0.0
153,0.0,0.594768679,4,0.0,0.798024311,3.0,0,1,0,0,0,0,0,0,0,0,0,0,0,1,0,0,0,1,0.0
263,0.0,0.78990677,6,0.0,0.250672213,7.0,0,0,0,0,0,0,0,0,0,1,0,0,0,0,0,1,0,0,0.0
168,0.0,0.922257863,3,0.0,0.932633439,3.0,0,0,0,1,0,0,0,1,0,0,0,0,0,0,0,0,1,0,0.0
261,1.0,0.567285458,3,0.0,0.784352277,2.0,0,1,0,0,1,0,0,0,0,0,0,0,0,0,0,0,0,1,0.0
126,0.0,0.810572021,2,0.0,0.171678821,5.0,0,0,1,0,0,0,0,0,0,0,1,0,0,0,0,0,0,1,0.08
219,0.0,0.588703277,6,0.0,0.115778869,6.0,0,1,1,0,0,0,0,0,0,0,1,0,0,0,0,0,1,0,0.07
211,0.0,0.784461935,4,0.0,0.773025274,4.0,0,0,0,0,0,0,0,0,0,0,0,0,0,1,0,0,0,1,0.01
207,0.0,0.817757662,3,0.0,0.735170934,3.0,0,0,0,1,0,0,0,0,0,0,0,0,0,1,0,0,1,0,0.02
265,0.0,0.848173166,4,0.0,0.921057496,5.0,0,0,0,1,1,0,0,0,0,0,0,0,0,0,0,0,1,0,0.95
243,0.0,0.0,3,0.0,0.779926887,3.0,1,0,0,0,1,0,0,0,0,0,0,0,0,0,0,0,0,1,0.0
256,0.0,1.0,4,0.0,0.856015669,3.0,0,0,0,1,0,0,0,1,0,0,0,0,0,0,0,0,0,1,0.01
226,0.0,0.0,3,0.0,0.739755544,2.0,1,0,0,0,1,0,0,0,0,0,0,0,0,0,0,1,0,0,0.05
278,0.0,0.954464329,3,0.0,0.11087435,4.0,0,0,1,0,0,0,0,0,0,0,0,1,0,0,0,0,0,1,0.46
261,0.0,0.885075601,7,0.0,0.106249661,4.0,0,0,1,0,1,0,0,0,0,0,0,0,0,0,0,0,0,1,1.0
190,0.0,0.695786815,6,0.0,1.0,3.0,0,0,0,0,0,0,0,0,0,0,0,0,0,0,1,0,1,0,0.11
273,1.0,0.609145273,3,0.0,0.839132867,3.0,0,0,0,0,0,0,1,0,0,0,0,0,0,0,0,0,1,0,0.0
226,1.0,0.884667009,6,0.0,0.166837815,3.0,0,0,1,0,0,0,0,1,0,0,0,0,0,0,0,1,0,0,0.09
113,0.0,0.575479191,6,0.0,0.716542415,3.0,0,1,0,0,0,0,0,1,0,0,0,0,0,0,0,0,0,1,0.03
223,1.0,0.601831089,3,0.0,0.76377184,2.0,0,0,0,0,0,0,0,0,0,0,0,0,0,1,0,0,0,1,0.01
266,0.0,0.671058487,6,0.0,0.40218093,5.0,0,0,0,0,1,0,0,0,0,0,0,0,0,0,0,0,1,0,0.09
135,0.0,0.0,3,0.0,0.902144591,3.0,1,0,0,0,1,0,0,0,0,0,0,0,0,0,0,0,1,0,0.0
272,0.0,0.912667674,5,0.0,0.075538229,4.0,0,0,1,0,0,0,0,0,0,0,0,0,0,1,0,0,0,1,0.82
194,0.0,0.768594418,4,0.0,0.749860975,8.0,0,0,0,0,0,0,0,0,0,0,0,0,0,1,0,0,0,1,0.01
204,0.0,0.739149607,3,0.0,0.707794342,3.0,0,0,0,0,0,0,0,0,0,0,0,0,0,1,0,0,1,0,0.0
239,0.0,0.61266875,5,0.0,0.557909215,2.0,0,0,0,0,0,0,0,0,0,0,0,0,0,1,0,0,0,1,0.01
141,0.0,0.65920108,4,0.0,0.34262655,2.0,0,0,0,0,0,0,0,0,0,0,0,0,0,1,0,0,1,0,0.21
219,0.0,0.648730534,3,0.0,0.937391871,2.0,0,0,0,0,0,0,0,1,0,0,0,0,0,0,0,0,1,0,0.0
199,0.0,0.823806347,3,0.0,0.351166425,5.0,0,0,0,0,0,0,0,0,0,1,0,0,0,0,0,0,0,1,0.02
260,0.0,0.545817137,4,0.0,0.469677592,6.0,0,1,0,0,0,0,0,0,0,0,0,0,0,1,0,0,1,0,0.1
268,0.0,0.76470784,3,0.0,0.842153571,2.0,0,0,0,0,0,0,0,0,0,0,0,0,0,1,0,0,0,1,0.11
102,0.0,1.0,4,0.0,0.233486487,3.0,0,0,0,0,1,0,0,0,0,0,0,0,0,0,0,1,0,0,0.15
132,0.0,0.497753624,2,0.0,0.420411123,3.0,0,1,0,0,0,0,0,0,0,0,0,0,0,0,1,0,1,0,1.0
171,0.0,0.67493988,5,0.0,0.99695848,3.0,0,0,0,0,0,0,0,1,0,0,0,0,0,0,0,0,0,1,0.01
228,0.0,0.874830798,4,1.0,0.584179336,3.0,0,0,0,0,0,0,0,0,0,0,1,0,0,0,0,0,0,1,0.0
175,0.0,0.874961501,2,0.0,0.958863078,6.0,0,0,0,1,0,0,0,0,0,0,0,0,0,0,1,1,0,0,0.07
255,1.0,0.0,3,0.0,0.504070357,2.0,1,0,0,0,0,0,0,0,1,0,0,0,0,0,0,0,1,0,0.0
274,0.0,0.905542298,3,0.0,1.0,3.0,0,0,0,1,0,0,0,0,0,0,0,0,1,0,0,0,0,1,0.01
260,0.0,0.9828817,5,0.0,0.946174028,5.0,0,0,0,1,0,0,0,0,0,0,0,0,0,1,0,0,1,0,0.99
153,1.0,0.786986847,3,0.0,0.795021966,3.0,0,0,0,0,0,0,0,1,0,0,0,0,0,0,0,0,0,1,0.0
273,0.0,0.606004288,4,0.0,0.724905509,2.0,0,0,0,0,1,0,0,0,0,0,0,0,0,0,0,1,0,0,0.01
137,0.0,0.600601381,3,0.0,0.752317805,3.0,0,0,0,0,0,1,0,0,0,0,0,0,0,0,0,0,0,1,0.0
178,0.0,0.636857505,4,0.0,0.915925122,3.0,0,0,0,0,0,0,0,0,0,0,0,0,1,0,0,0,1,0,0.0
143,0.0,0.591368745,4,1.0,0.758200746,2.0,0,1,0,0,0,0,0,0,0,0,0,0,0,1,0,0,0,1,0.0
159,0.0,0.442044823,2,0.0,0.425625213,3.0,0,1,0,0,0,0,0,0,0,0,0,0,0,1,0,0,0,1,1.0
272,0.0,0.935856579,7,0.0,0.111157708,4.0,0,0,1,0,0,0,0,0,0,0,0,0,0,1,0,0,0,1,1.0
188,0.0,0.749866394,2,0.0,0.33275,2.0,0,0,0,0,0,0,0,0,0,0,0,0,0,1,0,1,0,0,0.03
246,0.0,0.770317268,3,0.0,0.776762107,3.0,0,0,0,0,0,0,0,0,0,0,0,0,0,1,0,0,0,1,0.0
153,0.0,0.892913354,4,0.0,0.870130772,3.0,0,0,0,1,0,0,0,0,1,0,0,0,0,0,0,0,1,0,0.0
206,0.0,0.465840997,3,0.0,0.333647029,5.0,0,1,0,0,0,0,0,0,0,0,1,0,0,0,0,1,0,0,0.03
268,0.0,0.911260545,3,0.0,0.552292971,2.0,0,0,0,0,0,0,0,0,0,0,0,0,0,1,0,0,1,0,0.04
215,0.0,0.371144825,3,0.0,0.808972136,6.0,0,1,0,0,0,0,0,0,0,0,0,0,0,0,1,0,1,0,0.02
139,0.0,0.521864845,2,0.0,0.418834085,3.0,0,1,0,0,0,0,0,0,0,0,0,0,0,0,1,0,1,0,1.0
242,0.0,0.539102681,5,0.0,0.736751618,2.0,0,1,0,0,0,0,0,0,0,0,0,0,0,1,0,0,0,1,0.02
149,0.0,0.659331631,3,0.0,0.685412961,3.0,0,0,0,0,0,0,0,0,0,0,0,0,0,0,1,0,1,0,0.0
232,0.0,0.988180254,4,0.0,0.850939496,5.0,0,0,0,1,0,0,0,1,0,0,0,0,0,0,0,0,0,1,0.99
155,1.0,0.506963384,2,0.0,0.587701546,2.0,0,1,0,0,0,0,0,0,0,0,1,0,0,0,0,0,0,1,0.0
149,0.0,0.549439412,4,1.0,0.711644194,3.0,0,1,0,0,0,0,0,0,0,0,1,0,0,0,0,0,0,1,0.02
221,0.0,0.932125552,4,0.0,0.754963569,4.0,0,0,0,1,0,1,0,0,0,0,0,0,0,0,0,0,1,0,0.03
161,1.0,0.932137927,5,0.0,1.0,3.0,0,0,0,1,0,0,0,0,0,0,0,0,0,0,1,0,1,0,0.0
219,0.0,0.650270995,5,0.0,0.946262404,3.0,0,0,0,0,0,0,0,0,0,0,0,0,0,0,1,0,1,0,0.02
184,0.0,0.859376869,4,0.0,0.281067775,3.0,0,0,0,0,0,0,0,1,0,0,0,0,0,0,0,0,1,0,0.32
284,0.0,0.924974475,4,0.0,0.342392944,4.0,0,0,0,0,1,0,0,0,0,0,0,0,0,0,0,0,1,0,0.06
218,0.0,0.76730498,4,0.0,0.769658625,4.0,0,0,0,0,1,0,0,0,0,0,0,0,0,0,0,0,1,0,0.05
213,0.0,0.771851582,6,0.0,0.257691764,4.0,0,0,0,0,0,0,0,0,0,0,0,0,0,0,1,0,1,0,0.11
248,0.0,0.827758262,3,0.0,0.879261494,3.0,0,0,0,1,0,0,0,0,0,0,0,0,0,1,0,0,0,1,0.03
245,0.0,0.883626507,4,0.0,0.754164698,6.0,0,0,0,1,0,0,0,0,0,0,0,0,0,1,0,0,1,0,1.0
189,0.0,0.814411156,2,0.0,0.550696424,2.0,0,0,0,0,0,0,0,0,0,0,0,1,0,0,0,0,1,0,0.0
255,0.0,0.692307838,3,0.0,0.685000945,2.0,0,0,0,0,0,0,0,1,0,0,0,0,0,0,0,0,0,1,0.0
251,0.0,0.940307627,4,0.0,0.839232063,3.0,0,0,0,1,0,0,0,1,0,0,0,0,0,0,0,0,0,1,0.0
213,0.0,0.656614989,3,0.0,0.782997718,2.0,0,0,0,0,0,0,0,0,0,0,0,0,0,0,1,0,1,0,0.0
255,0.0,0.830525632,7,0.0,0.169772768,5.0,0,0,1,0,0,0,0,0,0,0,0,0,1,0,0,0,0,1,0.89
180,0.0,0.40011441,3,0.0,0.54924949,4.0,0,1,0,0,0,0,0,0,0,0,0,0,0,1,0,0,0,1,0.04
172,0.0,0.915503333,3,0.0,0.651307273,3.0,0,0,0,0,0,0,0,0,0,1,0,0,0,0,0,0,0,1,0.02
145,0.0,0.723333699,5,0.0,0.888195223,4.0,0,0,0,0,0,0,0,1,0,0,0,0,0,0,0,0,0,1,0.02
264,0.0,0.554282379,3,0.0,0.974234252,3.0,0,1,0,0,0,0,0,0,0,0,0,0,0,1,0,0,1,0,0.0
163,0.0,0.876754784,2,0.0,1.0,3.0,0,0,0,1,0,0,0,0,0,0,0,0,0,1,0,0,1,0,0.11
142,1.0,0.451882796,2,0.0,0.942803603,3.0,0,1,0,0,0,0,0,0,0,0,0,0,0,1,0,0,0,1,0.01
257,0.0,0.666819611,3,0.0,0.878725707,3.0,0,0,0,0,0,0,0,0,0,0,0,0,0,0,1,0,1,0,0.0
273,0.0,0.543496169,3,0.0,0.910301878,3.0,0,1,0,0,0,0,0,0,0,0,0,0,1,0,0,1,0,0,0.0
232,0.0,1.0,3,0.0,0.164646576,5.0,0,0,1,0,0,0,0,0,0,0,0,0,0,1,0,0,0,1,0.09
220,0.0,0.54679291,3,0.0,0.745816087,2.0,0,1,0,0,0,1,0,0,0,0,0,0,0,0,0,1,0,0,0.0
268,0.0,1.0,6,0.0,0.075875272,4.0,0,0,1,0,0,0,0,0,0,0,0,0,0,0,1,0,1,0,1.0
219,0.0,1.0,3,0.0,0.561720158,4.0,0,0,0,0,1,0,0,0,0,0,0,0,0,0,0,0,1,0,0.16
166,1.0,0.0,3,0.0,0.790822766,2.0,1,0,0,0,0,0,0,0,0,0,0,0,1,0,0,0,1,0,0.0
214,1.0,0.592348771,4,0.0,0.710681445,2.0,0,1,0,0,0,0,0,0,0,0,0,0,0,1,0,0,0,1,0.0
158,0.0,0.479882111,2,0.0,0.322003973,3.0,0,1,0,0,0,1,0,0,0,0,0,0,0,0,0,0,1,0,0.89
185,0.0,0.0,2,0.0,0.365187188,3.0,1,0,0,0,0,0,0,0,0,0,0,0,1,0,0,0,1,0,0.15
155,0.0,0.918899193,3,0.0,0.869239698,3.0,0,0,0,1,0,0,0,0,0,0,0,1,0,0,0,0,1,0,0.01
160,1.0,0.989476001,3,0.0,0.672863161,4.0,0,0,0,0,0,0,0,0,0,0,1,0,0,0,0,0,1,0,0.07
200,0.0,0.604654334,4,0.0,0.370260044,4.0,0,0,0,0,1,0,0,0,0,0,0,0,0,0,0,0,0,1,0.05
136,0.0,0.588673948,2,0.0,0.4383018,3.0,0,1,0,0,0,0,0,0,0,0,0,0,0,1,0,0,1,0,1.0
107,0.0,0.78136893,2,0.0,0.475941794,4.0,0,0,0,0,0,0,0,0,0,0,0,0,0,1,0,1,0,0,0.03
224,0.0,0.995111591,5,0.0,0.856404791,5.0,0,0,0,1,0,0,0,0,0,0,0,0,0,1,0,0,1,0,0.99
135,0.0,0.423420416,5,0.0,0.989077047,6.0,0,1,0,0,0,0,0,0,0,0,0,0,0,1,0,0,0,1,0.0
213,1.0,0.693444452,4,0.0,0.99313698,2.0,0,0,0,0,1,0,0,0,0,0,0,0,0,0,0,0,1,0,0.01
177,0.0,0.838452055,3,0.0,0.641981655,4.0,0,0,0,0,0,0,0,0,0,0,0,0,0,1,0,1,0,0,0.02
147,0.0,0.815546678,6,0.0,0.991870754,3.0,0,0,0,1,0,0,0,1,0,0,0,0,0,0,0,0,0,1,0.02
158,0.0,0.0,5,0.0,0.709920666,3.0,1,0,0,0,1,0,0,0,0,0,0,0,0,0,0,0,0,1,0.0
237,0.0,0.899569992,5,0.0,0.766833294,4.0,0,0,0,1,0,0,0,0,1,0,0,0,0,0,0,0,1,0,0.01
244,0.0,0.629207093,3,0.0,0.704630437,3.0,0,0,0,0,0,0,0,0,1,0,0,0,0,0,0,0,1,0,0.01
206,0.0,0.66915147,5,0.0,0.996646049,4.0,0,0,0,0,0,0,0,0,1,0,0,0,0,0,0,0,1,0,0.15
261,0.0,0.873792571,5,0.0,1.0,4.0,0,0,0,1,1,0,0,0,0,0,0,0,0,0,0,0,0,1,0.07
272,1.0,0.653311094,3,0.0,0.889603569,2.0,0,0,0,0,0,0,0,0,0,0,0,0,0,0,1,0,0,1,0.0
229,0.0,0.92383107,5,0.0,0.761418318,5.0,0,0,0,1,0,0,0,1,0,0,0,0,0,0,0,0,0,1,0.98
164,0.0,0.866633469,3,0.0,0.803311684,3.0,0,0,0,1,0,0,0,1,0,0,0,0,0,0,0,1,0,0,0.0
266,0.0,0.713163066,5,0.0,0.751409824,4.0,0,0,0,0,0,0,0,0,0,0,0,0,0,1,0,0,0,1,0.03
262,1.0,0.61502125,3,0.0,0.663990664,2.0,0,0,0,0,1,0,0,0,0,0,0,0,0,0,0,0,1,0,0.0
169,0.0,0.397478455,6,0.0,0.471727044,3.0,0,1,0,0,0,0,0,0,1,0,0,0,0,0,0,0,1,0,0.16
135,0.0,0.68193299,3,0.0,0.691527594,4.0,0,0,0,0,0,0,0,0,0,0,0,0,0,1,0,0,0,1,0.01
232,0.0,0.515614875,5,0.0,0.659173835,4.0,0,1,0,0,0,0,0,0,0,0,0,0,0,1,0,0,0,1,0.0
138,1.0,0.4268409,2,0.0,0.404846589,3.0,0,1,0,0,0,0,0,0,1,0,0,0,0,0,0,0,0,1,0.98
206,0.0,0.544020728,5,0.0,0.150376108,5.0,0,1,1,0,0,0,0,0,0,0,0,0,0,1,0,0,0,1,0.03
190,0.0,0.511096809,6,0.0,0.768250909,4.0,0,1,0,0,0,0,0,0,0,1,0,0,0,0,0,0,1,0,0.06
162,0.0,0.0,2,0.0,0.5958717,2.0,1,0,0,0,0,0,0,0,0,1,0,0,0,0,0,1,0,0,0.06
150,0.0,0.974681173,3,0.0,0.663630768,2.0,0,0,0,0,0,0,0,1,0,0,0,0,0,0,0,0,0,1,0.0
164,0.0,0.692451071,4,0.0,0.855903667,4.0,0,0,0,0,0,0,0,0,0,0,0,0,0,0,1,0,1,0,0.05
178,0.0,0.574133363,4,0.0,0.615342366,2.0,0,1,0,0,0,0,0,0,0,0,0,0,0,0,1,0,0,1,0.0
300,1.0,0.851856872,6,0.0,0.060167883,5.0,0,0,1,0,0,0,0,0,0,0,0,0,0,0,1,0,1,0,0.99
294,0.0,0.534215151,3,0.0,0.805619432,4.0,0,1,0,0,0,1,0,0,0,0,0,0,0,0,0,0,1,0,0.68
251,0.0,0.851940732,5,0.0,0.769121412,6.0,0,0,0,1,0,0,0,0,0,0,0,0,0,1,0,0,0,1,0.93
221,0.0,0.501339327,5,0.0,0.639006793,3.0,0,1,0,0,0,0,0,0,0,0,0,0,0,0,1,0,0,1,0.0
223,0.0,0.830568684,5,0.0,0.771373136,5.0,0,0,0,1,0,0,0,0,0,0,0,0,0,1,0,0,1,0,0.89
274,0.0,0.623369172,5,0.0,0.63624916,3.0,0,0,0,0,0,0,0,0,0,1,0,0,0,0,0,0,0,1,0.0
250,0.0,0.720905913,3,0.0,0.795412663,3.0,0,0,0,0,0,0,0,0,1,0,0,0,0,0,0,0,1,0,0.0
226,1.0,0.912883202,4,0.0,0.957931273,6.0,0,0,0,1,0,0,0,1,0,0,0,0,0,0,0,0,0,1,0.83
153,0.0,0.950553991,4,0.0,0.661676149,3.0,0,0,0,0,0,0,0,0,1,0,0,0,0,0,0,0,0,1,0.02
209,0.0,0.845506981,4,0.0,0.87300031,2.0,0,0,0,1,1,0,0,0,0,0,0,0,0,0,0,0,0,1,0.02
178,0.0,0.632440268,4,0.0,0.69926009,3.0,0,0,0,0,0,0,0,0,0,0,0,0,1,0,0,0,1,0,0.0
199,0.0,0.672750149,4,0.0,1.0,4.0,0,0,0,0,0,0,0,0,0,0,0,0,0,0,1,0,0,1,0.0
142,0.0,0.766165686,3,1.0,0.580260436,2.0,0,0,0,0,0,0,0,0,0,0,0,0,0,0,1,0,1,0,0.03
298,0.0,0.935763823,6,0.0,0.150434921,4.0,0,0,1,0,0,0,0,0,0,0,0,0,0,1,0,0,1,0,1.0
266,0.0,0.520892735,3,0.0,0.917492093,2.0,0,1,0,0,1,0,0,0,0,0,0,0,0,0,0,0,1,0,0.0
189,1.0,0.0,3,0.0,0.91755101,2.0,1,0,0,0,0,1,0,0,0,0,0,0,0,0,0,0,0,1,0.0
153,0.0,0.0,3,0.0,0.664416969,2.0,1,0,0,0,0,0,0,0,0,0,1,0,0,0,0,0,0,1,0.0
255,0.0,0.523046227,4,0.0,1.0,2.0,0,1,0,0,0,0,0,0,0,0,0,0,0,0,1,0,1,0,0.0
191,0.0,0.928951515,5,0.0,0.33264107,3.0,0,0,0,0,0,0,0,0,0,0,0,0,0,0,1,1,0,0,0.02
140,0.0,0.620942529,4,0.0,0.631374261,2.0,0,0,0,0,0,0,0,0,0,0,0,0,0,1,0,0,1,0,0.0
251,0.0,0.826128584,4,0.0,0.867218456,3.0,0,0,0,1,0,0,0,0,0,0,0,0,0,1,0,0,0,1,0.01
240,0.0,0.921801916,4,0.0,0.481959402,2.0,0,0,0,0,0,0,0,0,0,0,0,1,0,0,0,0,0,1,0.01
268,0.0,0.906717264,4,0.0,1.0,2.0,0,0,0,1,0,0,0,0,0,0,1,0,0,0,0,0,0,1,0.01
249,0.0,0.869188698,4,0.0,0.875365924,6.0,0,0,0,1,0,0,0,0,0,0,1,0,0,0,0,0,1,0,0.99
138,0.0,0.499259069,2,0.0,0.393185357,3.0,0,1,0,0,0,0,0,0,0,0,0,0,0,0,1,0,1,0,1.0
259,0.0,0.854262529,5,0.0,0.969137236,5.0,0,0,0,1,0,0,0,0,0,0,0,0,0,0,1,0,1,0,0.94
144,0.0,0.0,2,0.0,0.360995022,3.0,1,0,0,0,0,0,0,0,0,0,0,0,0,1,0,0,1,0,0.99
173,0.0,0.0,6,0.0,0.460296418,3.0,1,0,0,0,0,0,0,0,0,0,0,0,0,1,0,0,0,1,0.05
296,0.0,0.83805287,7,0.0,0.06173519,4.0,0,0,1,0,0,0,0,0,0,0,0,0,0,1,0,0,1,0,1.0
132,0.0,0.914675727,3,0.0,0.741089924,2.0,0,0,0,1,0,0,0,0,0,0,0,0,0,1,0,0,0,1,0.02
187,1.0,0.56911136,4,0.0,0.534678746,4.0,0,1,0,0,0,0,0,0,0,0,0,0,0,1,0,0,0,1,0.0
178,0.0,0.489339292,4,0.0,0.714885612,2.0,0,1,0,0,0,0,0,0,0,0,1,0,0,0,0,0,0,1,0.0
163,0.0,0.679862948,6,0.0,0.692371602,4.0,0,0,0,0,1,0,0,0,0,0,0,0,0,0,0,1,0,0,0.04
178,1.0,0.515509188,3,0.0,0.663485173,3.0,0,1,0,0,1,0,0,0,0,0,0,0,0,0,0,0,1,0,0.0
218,0.0,0.473856719,6,0.0,0.281177019,4.0,0,1,0,0,0,0,0,0,1,0,0,0,0,0,0,0,1,0,0.63
248,0.0,0.57903196,4,0.0,0.611172997,4.0,0,1,0,0,1,0,0,0,0,0,0,0,0,0,0,0,1,0,0.1
255,0.0,0.982736933,5,0.0,0.874852056,6.0,0,0,0,1,0,0,0,0,0,0,0,0,0,1,0,0,1,0,0.99
216,0.0,1.0,4,0.0,0.715136379,3.0,0,0,0,1,0,0,0,0,0,0,0,0,0,1,0,0,1,0,0.01
269,0.0,0.748036202,4,0.0,0.900123135,4.0,0,0,0,0,0,0,0,0,0,0,0,0,0,1,0,0,0,1,0.0
156,0.0,0.573059079,2,0.0,0.411334527,3.0,0,1,0,0,0,0,0,0,0,0,0,0,1,0,0,0,0,1,1.0
237,1.0,0.91238429,3,0.0,0.601641862,3.0,0,0,0,0,0,0,0,0,0,0,0,1,0,0,0,0,0,1,0.0
256,0.0,0.790033975,5,0.0,0.766051821,2.0,0,0,0,0,0,0,0,1,0,0,0,0,0,0,0,0,1,0,0.0
230,0.0,0.722920854,5,0.0,0.732202918,3.0,0,0,0,0,0,0,0,0,0,0,0,0,0,0,1,0,1,0,0.0
270,0.0,0.683513344,4,0.0,0.185019733,2.0,0,0,1,0,0,0,0,0,0,0,0,0,0,1,0,1,0,0,0.16
250,0.0,0.788487079,6,0.0,0.100073718,4.0,0,0,1,0,0,0,0,0,0,0,0,0,0,0,1,0,1,0,1.0
153,1.0,0.868064211,5,0.0,0.120935241,5.0,0,0,1,0,0,0,0,0,0,0,0,0,0,1,0,0,0,1,0.03
113,0.0,0.0,3,0.0,0.469505268,3.0,1,0,0,0,0,0,0,0,0,0,1,0,0,0,0,1,0,0,0.02
214,0.0,0.869835218,4,0.0,0.271631344,5.0,0,0,0,0,0,0,0,0,0,0,0,0,0,1,0,0,0,1,0.0
246,0.0,0.818234365,6,0.0,0.051005174,4.0,0,0,1,0,0,1,0,0,0,0,0,0,0,0,0,0,0,1,1.0
286,0.0,0.820696806,6,0.0,0.066098975,4.0,0,0,1,0,0,0,0,0,0,0,0,0,0,1,0,0,1,0,1.0
171,0.0,0.746690844,2,0.0,0.630488545,2.0,0,0,0,0,0,0,0,1,0,0,0,0,0,0,0,0,0,1,0.03
229,1.0,0.0,5,0.0,0.769308782,2.0,1,0,0,0,0,0,0,0,0,0,0,0,0,1,0,0,0,1,0.02
257,0.0,0.988009399,5,0.0,0.763414841,5.0,0,0,0,1,1,0,0,0,0,0,0,0,0,0,0,1,0,0,0.84
135,0.0,0.421112993,2,0.0,0.367451075,3.0,0,1,0,0,0,0,0,0,0,0,0,0,0,0,1,0,1,0,0.99
199,0.0,0.73473373,3,0.0,0.592510032,4.0,0,0,0,0,0,0,0,0,0,0,0,0,0,1,0,0,1,0,0.01
266,0.0,0.874138123,4,0.0,0.845699856,3.0,0,0,0,1,0,0,0,0,0,0,0,0,0,0,1,0,1,0,0.01
244,0.0,0.791402011,6,0.0,0.104537606,4.0,0,0,1,0,0,0,0,1,0,0,0,0,0,0,0,0,0,1,0.99
145,0.0,0.57731288,4,0.0,0.69510315,4.0,0,1,0,0,0,1,0,0,0,0,0,0,0,0,0,0,1,0,0.01
201,0.0,0.0,3,0.0,0.609574976,3.0,1,0,0,0,0,0,0,0,0,0,0,0,0,1,0,0,0,1,0.04
133,0.0,0.511839957,2,0.0,0.348899787,3.0,0,1,0,0,0,1,0,0,0,0,0,0,0,0,0,0,0,1,1.0
160,0.0,0.579675078,2,0.0,0.476083297,3.0,0,1,0,0,0,0,0,0,0,0,0,0,0,0,1,0,1,0,0.99
260,0.0,0.645661434,3,0.0,0.809395351,4.0,0,0,0,0,1,0,0,0,0,0,0,0,0,0,0,1,0,0,0.02
178,0.0,0.482854059,4,0.0,0.477099632,3.0,0,1,0,0,0,0,0,0,0,0,0,0,0,1,0,0,0,1,0.0
215,0.0,0.708219253,4,0.0,0.731253762,3.0,0,0,0,0,0,0,0,0,1,0,0,0,0,0,0,0,1,0,0.0
128,0.0,0.685462252,2,0.0,0.44462632,2.0,0,0,0,0,0,0,0,0,0,0,0,0,0,0,1,0,0,1,0.01
153,1.0,0.504965094,2,0.0,0.505671054,3.0,0,1,0,0,0,0,0,1,0,0,0,0,0,0,0,0,0,1,0.92
127,0.0,0.428599902,4,0.0,0.369892081,3.0,0,1,0,0,1,0,0,0,0,0,0,0,0,0,0,0,1,0,0.0
268,0.0,1.0,4,0.0,0.776657994,5.0,0,0,0,1,0,0,0,0,0,0,0,0,0,1,0,0,0,1,0.94
212,0.0,0.609384376,6,0.0,0.233682321,4.0,0,0,0,0,0,0,0,0,0,0,0,0,0,1,0,0,0,1,0.02
121,0.0,0.72911855,3,0.0,0.766960559,5.0,0,0,0,0,0,0,0,0,0,0,0,1,0,0,0,0,1,0,0.05
171,0.0,0.58539794,4,0.0,0.115648183,6.0,0,1,1,0,1,0,0,0,0,0,0,0,0,0,0,0,0,1,0.02
152,1.0,0.736761282,4,0.0,0.624577708,3.0,0,0,0,0,0,0,0,0,0,0,0,0,0,1,0,0,0,1,0.0
225,0.0,0.0,3,0.0,0.803100889,2.0,1,0,0,0,0,0,0,0,0,0,0,0,0,1,0,0,1,0,0.0
237,0.0,0.858986522,3,0.0,0.948100549,2.0,0,0,0,1,0,0,0,0,0,0,0,0,1,0,0,0,0,1,0.0
140,0.0,0.491932593,2,0.0,0.4596736,3.0,0,1,0,0,0,0,0,0,0,0,0,0,0,1,0,0,1,0,1.0
224,0.0,0.586232257,3,0.0,0.746300723,2.0,0,1,0,0,0,0,0,0,0,0,0,0,0,1,0,0,0,1,0.0
284,0.0,0.983081158,6,0.0,0.105775378,4.0,0,0,1,0,0,0,0,0,0,0,0,0,0,1,0,0,1,0,1.0
222,0.0,0.455337304,2,0.0,0.636940751,4.0,0,1,0,0,0,0,0,0,0,0,0,0,1,0,0,1,0,0,0.03
238,0.0,0.740770815,3,0.0,0.238686301,8.0,0,0,0,0,0,0,0,1,0,0,0,0,0,0,0,0,0,1,0.0
199,0.0,0.574490806,5,0.0,0.287895399,4.0,0,1,0,0,0,0,0,0,0,0,0,0,0,1,0,0,1,0,0.09
254,1.0,0.0,4,0.0,0.949000824,3.0,1,0,0,0,0,0,0,0,0,0,0,0,0,1,0,0,0,1,0.0
97,0.0,0.0,4,0.0,0.39711048,2.0,1,0,0,0,0,0,0,0,0,0,0,0,0,1,0,1,0,0,0.06
224,0.0,0.658881609,4,0.0,0.681642471,3.0,0,0,0,0,0,0,0,0,0,0,0,0,0,0,1,0,1,0,0.0
152,0.0,0.5073222,2,0.0,0.42922818,3.0,0,1,0,0,0,0,0,1,0,0,0,0,0,0,0,0,1,0,1.0
196,0.0,0.432945776,5,0.0,0.807949917,4.0,0,1,0,0,0,0,0,0,0,0,0,0,0,1,0,0,1,0,0.09
168,0.0,0.900468711,4,0.0,0.628612167,2.0,0,0,0,0,0,0,0,0,0,0,0,0,1,0,0,0,0,1,0.0
219,0.0,0.0,4,0.0,0.770571728,3.0,1,0,0,0,0,0,0,0,0,1,0,0,0,0,0,0,0,1,0.0
142,0.0,0.897356101,3,0.0,0.658753804,3.0,0,0,0,0,0,0,0,0,0,0,0,0,0,0,1,0,0,1,0.03
177,0.0,0.871594494,3,0.0,0.777180015,4.0,0,0,0,1,0,1,0,0,0,0,0,0,0,0,0,0,0,1,0.01
149,1.0,0.500707394,2,0.0,0.892877716,2.0,0,1,0,0,0,0,0,0,0,0,0,0,0,1,0,0,1,0,0.0
261,1.0,1.0,4,0.0,0.950623247,10.0,0,0,0,1,0,0,0,0,0,0,0,0,0,1,0,0,1,0,0.1
170,0.0,0.939137724,3,0.0,0.664814124,3.0,0,0,0,0,1,0,0,0,0,0,0,0,0,0,0,1,0,0,0.09
134,0.0,0.0,3,0.0,0.624634343,2.0,1,0,0,0,0,0,0,0,0,0,0,0,0,1,0,0,0,1,0.0
183,0.0,1.0,4,0.0,0.76738836,2.0,0,0,0,1,0,0,0,0,0,0,1,0,0,0,0,0,1,0,0.01
306,0.0,0.843286647,6,0.0,0.105193722,4.0,0,0,1,0,1,0,0,0,0,0,0,0,0,0,0,0,1,0,1.0
139,1.0,0.465272001,2,0.0,0.449588945,3.0,0,1,0,0,1,0,0,0,0,0,0,0,0,0,0,0,0,1,0.98
147,1.0,0.554425252,3,0.0,0.814803547,3.0,0,1,0,0,0,0,0,1,0,0,0,0,0,0,0,0,0,1,0.0
136,0.0,0.480502242,2,0.0,0.372625452,3.0,0,1,0,0,0,0,0,0,0,0,1,0,0,0,0,0,1,0,1.0
178,0.0,1.0,6,0.0,0.847861416,5.0,0,0,0,1,1,0,0,0,0,0,0,0,0,0,0,0,1,0,0.25
156,0.0,0.518708441,2,0.0,0.378368537,3.0,0,1,0,0,0,0,0,1,0,0,0,0,0,0,0,0,1,0,1.0
169,1.0,0.385090846,3,0.0,0.462561677,3.0,0,1,0,0,0,0,0,0,0,0,0,0,0,0,1,0,0,1,0.0
144,0.0,0.895747557,6,0.0,0.198837916,4.0,0,0,1,0,0,0,0,0,0,0,0,0,1,0,0,0,1,0,0.17
248,0.0,0.729150086,5,0.0,0.922728322,2.0,0,0,0,0,1,0,0,0,0,0,0,0,0,0,0,0,1,0,0.0
140,1.0,0.612020367,4,0.0,1.0,2.0,0,0,0,0,0,0,0,0,0,0,0,0,0,0,1,0,1,0,0.01
267,0.0,0.792522449,3,0.0,0.540700911,2.0,0,0,0,0,0,0,0,0,0,1,0,0,0,0,0,1,0,0,0.0
162,0.0,0.612114533,4,0.0,0.798103847,3.0,0,0,0,0,0,0,0,1,0,0,0,0,0,0,0,0,1,0,0.01
271,0.0,0.713207513,6,0.0,0.266585573,10.0,0,0,0,0,0,0,0,0,0,0,0,0,0,1,0,0,0,1,0.03
230,0.0,0.49290403,3,0.0,0.898326169,3.0,0,1,0,0,0,0,0,0,0,0,0,0,0,0,1,0,0,1,0.01
267,0.0,0.920544403,5,0.0,0.763133829,5.0,0,0,0,1,0,0,0,1,0,0,0,0,0,0,0,0,1,0,0.99
140,0.0,0.0,3,0.0,0.954940546,2.0,1,0,0,0,0,0,0,0,0,0,0,0,0,0,1,0,0,1,0.0
135,0.0,0.511233391,2,0.0,0.34875806,3.0,0,1,0,0,0,0,0,0,0,0,0,0,1,0,0,0,1,0,1.0
273,0.0,0.721757329,4,0.0,0.913534963,2.0,0,0,0,0,0,0,0,1,0,0,0,0,0,0,0,0,1,0,0.0
97,0.0,0.914496763,4,0.0,0.343779629,6.0,0,0,0,0,0,0,0,0,0,1,0,0,0,0,0,0,1,0,0.02
145,0.0,0.515281774,2,0.0,0.448785305,3.0,0,1,0,0,1,0,0,0,0,0,0,0,0,0,0,0,1,0,1.0
163,0.0,0.766392883,4,0.0,1.0,2.0,0,0,0,0,0,0,0,0,0,0,0,0,0,1,0,0,1,0,0.05
194,0.0,0.0,3,0.0,0.502188796,3.0,1,0,0,0,0,0,0,1,0,0,0,0,0,0,0,0,0,1,0.03
193,0.0,0.0,3,0.0,0.927236685,3.0,1,0,0,0,0,0,0,0,0,0,0,0,0,1,0,0,1,0,0.0
271,0.0,0.594910487,3,0.0,0.936025405,2.0,0,1,0,0,0,1,0,0,0,0,0,0,0,0,0,0,0,1,0.0
246,0.0,1.0,5,0.0,0.866937701,5.0,0,0,0,1,0,0,0,0,0,0,0,0,0,1,0,0,1,0,1.0
160,0.0,0.537002675,2,0.0,0.43015261,3.0,0,1,0,0,0,0,0,0,1,0,0,0,0,0,0,0,1,0,1.0
223,0.0,0.667185635,4,0.0,0.544789479,3.0,0,0,0,0,0,0,0,0,0,0,0,0,0,1,0,0,0,1,0.0
177,1.0,0.651917146,4,0.0,0.851567466,4.0,0,0,0,0,0,0,0,0,0,0,0,0,0,0,1,0,1,0,0.03
223,0.0,0.721506078,3,0.0,0.964424325,2.0,0,0,0,0,0,0,0,0,0,0,0,0,0,1,0,0,1,0,0.02
186,0.0,0.851781984,3,0.0,0.770252,4.0,0,0,0,1,0,0,0,1,0,0,0,0,0,0,0,0,1,0,0.03
229,0.0,0.853107732,3,0.0,0.418412164,6.0,0,0,0,0,0,0,1,0,0,0,0,0,0,0,0,0,0,1,0.04
227,0.0,0.653872888,3,0.0,0.812625503,3.0,0,0,0,0,0,1,0,0,0,0,0,0,0,0,0,0,0,1,0.0
250,1.0,0.0,5,0.0,0.817923778,3.0,1,0,0,0,0,0,0,0,0,0,0,0,0,1,0,0,0,1,0.0
181,0.0,0.644272917,3,0.0,0.688686307,3.0,0,0,0,0,0,0,0,0,0,0,0,0,0,1,0,0,1,0,0.0
133,0.0,0.727579684,5,0.0,0.739627323,2.0,0,0,0,0,0,0,0,0,0,0,0,0,0,1,0,1,0,0,0.0
128,0.0,0.544767818,2,1.0,0.395525116,3.0,0,1,0,0,1,0,0,0,0,0,0,0,0,0,0,0,0,1,0.94
264,0.0,0.906319255,3,0.0,0.870453473,2.0,0,0,0,1,0,0,0,0,0,0,1,0,0,0,0,0,1,0,0.0
163,1.0,0.693507531,4,0.0,0.568630808,3.0,0,0,0,0,1,0,0,0,0,0,0,0,0,0,0,0,1,0,0.01
194,0.0,0.871134849,4,0.0,0.513206377,3.0,0,0,0,0,0,0,0,1,0,0,0,0,0,0,0,0,0,1,0.01
249,0.0,0.398466807,2,0.0,0.252466167,3.0,0,1,0,0,0,0,0,0,0,0,1,0,0,0,0,0,1,0,0.22
155,0.0,0.516756936,2,0.0,0.528435063,3.0,0,1,0,0,0,0,0,0,0,0,0,0,1,0,0,0,1,0,0.17
220,0.0,0.775490457,5,0.0,0.881489016,6.0,0,0,0,0,0,0,0,0,0,0,0,0,0,1,0,0,0,1,0.11
262,0.0,0.785664959,6,0.0,0.160489527,5.0,0,0,1,0,1,0,0,0,0,0,0,0,0,0,0,0,1,0,0.94
172,0.0,0.659277891,3,1.0,0.321884237,10.0,0,0,0,0,0,0,0,0,0,0,1,0,0,0,0,1,0,0,0.01
226,0.0,0.846918314,3,0.0,0.538326771,3.0,0,0,0,0,0,0,0,0,0,0,0,1,0,0,0,0,1,0,0.0
246,0.0,0.356003205,5,0.0,0.444078334,3.0,0,1,0,0,0,0,0,0,0,0,0,0,0,0,1,0,0,1,0.0
265,1.0,0.837425942,4,0.0,0.549159436,3.0,0,0,0,0,0,0,0,0,0,0,0,0,0,1,0,0,1,0,0.0
240,0.0,0.960459199,5,0.0,0.950640322,5.0,0,0,0,1,0,0,0,0,0,0,0,0,0,1,0,0,1,0,1.0
153,0.0,0.646737457,5,0.0,0.598436932,6.0,0,0,0,0,0,0,0,1,0,0,0,0,0,0,0,0,0,1,0.11
223,0.0,0.839596894,4,0.0,1.0,3.0,0,0,0,1,0,0,0,0,0,0,0,0,0,0,1,0,0,1,0.0
164,0.0,0.80087132,2,0.0,0.517799037,5.0,0,0,0,0,0,0,0,0,0,0,0,0,0,0,1,0,1,0,0.28
160,0.0,0.558957701,2,0.0,0.437240567,3.0,0,1,0,0,0,0,0,1,0,0,0,0,0,0,0,0,1,0,0.99
98,1.0,0.360472348,3,0.0,0.296064961,3.0,0,1,0,0,1,0,0,0,0,0,0,0,0,0,0,0,1,0,0.02
226,0.0,0.868153185,2,0.0,0.582168971,3.0,0,0,0,0,0,0,1,0,0,0,0,0,0,0,0,0,1,0,0.08
231,0.0,0.824635902,5,0.0,0.834741695,5.0,0,0,0,1,1,0,0,0,0,0,0,0,0,0,0,0,1,0,0.98
226,0.0,0.850785758,6,0.0,0.192082753,4.0,0,0,1,0,1,0,0,0,0,0,0,0,0,0,0,1,0,0,0.07
218,0.0,0.606065496,3,0.0,0.662801071,4.0,0,0,0,0,0,0,0,0,0,0,0,1,0,0,0,0,0,1,0.04
207,0.0,0.838241027,4,0.0,0.794041197,10.0,0,0,0,1,0,0,0,0,0,0,0,0,0,1,0,0,1,0,0.05
245,0.0,0.0,2,0.0,0.473023493,3.0,1,0,0,0,0,0,0,0,0,0,0,0,1,0,0,0,1,0,0.15
123,1.0,0.50258697,3,0.0,0.876067204,5.0,0,1,0,0,0,0,0,1,0,0,0,0,0,0,0,0,1,0,0.06
257,0.0,0.791329607,5,0.0,0.695503879,5.0,0,0,0,0,0,0,0,1,0,0,0,0,0,0,0,0,0,1,0.64
277,0.0,0.997289833,6,0.0,0.115963758,4.0,0,0,1,0,0,0,0,0,0,0,0,0,1,0,0,0,0,1,1.0
126,1.0,0.790968794,3,0.0,0.852342216,10.0,0,0,0,0,0,0,0,0,0,0,0,0,0,0,1,0,1,0,0.06
134,0.0,0.631114297,3,0.0,0.819146844,3.0,0,0,0,0,0,0,0,1,0,0,0,0,0,0,0,0,0,1,0.0
191,1.0,0.621393868,5,0.0,0.562950452,2.0,0,0,0,0,0,0,0,1,0,0,0,0,0,0,0,1,0,0,0.0
171,0.0,0.918365537,4,0.0,0.509335397,2.0,0,0,0,0,0,0,0,0,0,0,0,0,0,1,0,0,0,1,0.0
171,0.0,0.8043869,4,0.0,0.602182426,4.0,0,0,0,0,0,0,0,1,0,0,0,0,0,0,0,0,1,0,0.08
136,0.0,0.874453855,4,0.0,0.817026912,4.0,0,0,0,1,0,0,0,1,0,0,0,0,0,0,0,0,0,1,0.02
248,0.0,0.896265367,4,0.0,0.300066328,4.0,0,0,0,0,0,0,0,0,0,1,0,0,0,0,0,0,1,0,0.09
253,0.0,0.922094285,5,0.0,0.72597218,5.0,0,0,0,1,0,0,0,0,0,0,0,0,1,0,0,0,1,0,0.97
224,0.0,0.0,3,0.0,0.458364566,3.0,1,0,0,0,0,1,0,0,0,0,0,0,0,0,0,0,0,1,0.03
133,0.0,0.554436893,2,0.0,0.355038632,3.0,0,1,0,0,0,0,0,1,0,0,0,0,0,0,0,0,0,1,1.0
221,0.0,0.765421552,3,0.0,0.769136253,3.0,0,0,0,0,0,0,1,0,0,0,0,0,0,0,0,1,0,0,0.0
256,0.0,0.989654156,7,0.0,0.058059197,4.0,0,0,1,0,0,0,0,0,0,0,1,0,0,0,0,0,0,1,1.0
259,0.0,0.923156642,6,0.0,0.445718334,4.0,0,0,0,0,0,0,0,0,0,1,0,0,0,0,0,1,0,0,0.06
161,0.0,0.732022642,4,0.0,0.795743331,3.0,0,0,0,0,0,1,0,0,0,0,0,0,0,0,0,0,1,0,0.0
278,0.0,0.648084688,4,0.0,0.150064211,6.0,0,0,1,0,0,0,0,1,0,0,0,0,0,0,0,0,1,0,0.09
190,0.0,0.886306241,4,0.0,1.0,2.0,0,0,0,1,0,0,0,0,0,0,1,0,0,0,0,0,1,0,0.0
223,0.0,0.0,4,0.0,0.759192438,3.0,1,0,0,0,1,0,0,0,0,0,0,0,0,0,0,0,1,0,0.0
206,0.0,0.935696495,3,0.0,0.366712749,3.0,0,0,0,0,0,0,0,0,0,0,0,1,0,0,0,0,0,1,0.03
151,0.0,0.46625181,2,0.0,0.455813551,3.0,0,1,0,0,0,1,0,0,0,0,0,0,0,0,0,0,1,0,0.99
224,0.0,0.87800721,4,0.0,0.578596736,10.0,0,0,0,0,0,0,0,0,0,0,0,0,0,1,0,0,0,1,0.0
231,0.0,0.616543902,3,0.0,0.943791353,3.0,0,0,0,0,0,1,0,0,0,0,0,0,0,0,0,0,0,1,0.0
160,0.0,0.0,2,0.0,0.434569675,3.0,1,0,0,0,0,0,0,0,0,0,0,0,1,0,0,0,1,0,0.99
262,0.0,1.0,5,0.0,0.682626798,5.0,0,0,0,0,0,0,0,0,0,0,0,0,1,0,0,0,0,1,0.39
127,0.0,0.55690755,2,0.0,0.331997293,3.0,0,1,0,0,0,0,0,0,0,0,0,0,0,1,0,0,0,1,1.0
123,0.0,0.0,5,0.0,0.628235512,2.0,1,0,0,0,0,0,0,0,0,0,0,0,1,0,0,0,1,0,0.0
248,0.0,0.618621213,4,0.0,0.540848846,4.0,0,0,0,0,0,0,0,0,0,0,1,0,0,0,0,1,0,0,0.02
128,0.0,0.42637483,2,0.0,0.368240968,3.0,0,1,0,0,0,0,0,0,0,0,0,0,0,1,0,0,0,1,1.0
177,0.0,0.951901617,5,0.0,0.285029969,5.0,0,0,0,0,0,0,0,0,0,0,0,0,0,1,0,0,1,0,0.04
262,0.0,0.991719289,5,0.0,0.681415911,5.0,0,0,0,0,0,0,0,0,0,0,0,0,1,0,0,0,0,1,0.42
181,0.0,0.788531478,5,0.0,0.490723247,2.0,0,0,0,0,0,0,0,0,0,0,0,0,0,1,0,0,0,1,0.02
246,0.0,0.846058464,4,0.0,0.839581453,6.0,0,0,0,1,1,0,0,0,0,0,0,0,0,0,0,0,1,0,0.98
250,0.0,0.938601261,5,0.0,0.91132936,6.0,0,0,0,1,0,0,0,0,0,0,0,0,0,0,1,0,1,0,1.0
156,0.0,0.457022227,4,0.0,0.688453062,2.0,0,1,0,0,0,0,0,0,0,0,0,0,0,0,1,0,0,1,0.0
195,0.0,0.827445373,4,0.0,0.67540527,2.0,0,0,0,0,0,0,0,1,0,0,0,0,0,0,0,0,1,0,0.0
264,0.0,0.919342305,6,0.0,0.060474683,4.0,0,0,1,0,0,0,0,1,0,0,0,0,0,0,0,0,0,1,1.0
284,0.0,0.962703398,7,0.0,0.152779166,4.0,0,0,1,0,0,0,0,1,0,0,0,0,0,0,0,0,1,0,1.0
143,0.0,0.954285149,3,0.0,0.681703103,4.0,0,0,0,0,0,0,0,0,0,0,0,0,0,1,0,0,1,0,0.02
172,0.0,0.762616158,5,0.0,0.680101571,3.0,0,0,0,0,0,0,0,0,1,0,0,0,0,0,0,0,1,0,0.0
245,0.0,0.731227598,4,0.0,0.55729017,4.0,0,0,0,0,0,0,0,1,0,0,0,0,0,0,0,0,0,1,0.08
244,0.0,0.579944675,4,0.0,0.769497339,3.0,0,1,0,0,0,0,0,0,0,1,0,0,0,0,0,1,0,0,0.01
138,0.0,0.949403554,6,0.0,0.158618691,3.0,0,0,1,0,0,0,0,1,0,0,0,0,0,0,0,0,1,0,0.14
162,0.0,0.663554522,2,0.0,0.864998473,3.0,0,0,0,0,0,0,0,0,0,0,0,0,0,1,0,0,1,0,0.02
245,0.0,0.860436029,3,0.0,0.670340444,2.0,0,0,0,0,0,0,0,0,0,0,1,0,0,0,0,0,1,0,0.01
218,0.0,0.873673085,4,0.0,0.994334442,2.0,0,0,0,1,0,0,0,0,0,0,0,0,0,1,0,0,0,1,0.0
238,0.0,0.0,4,0.0,0.691962621,3.0,1,0,0,0,0,0,0,0,0,0,0,0,0,1,0,0,1,0,0.04
231,0.0,0.681520614,5,1.0,0.934522516,7.0,0,0,0,0,0,0,0,0,0,0,0,0,0,1,0,1,0,0,0.0
269,0.0,0.959237604,5,0.0,0.907125365,6.0,0,0,0,1,0,0,0,0,0,0,0,0,0,1,0,0,0,1,0.94
136,0.0,0.0,6,0.0,0.693071911,3.0,1,0,0,0,1,0,0,0,0,0,0,0,0,0,0,0,1,0,0.06
192,1.0,0.681857725,3,0.0,0.620586642,3.0,0,0,0,0,0,0,0,0,1,0,0,0,0,0,0,0,0,1,0.0
158,1.0,0.750537893,4,0.0,0.76257047,5.0,0,0,0,0,0,0,0,0,0,0,0,1,0,0,0,0,0,1,0.04
150,0.0,0.0,3,0.0,0.692246195,2.0,1,0,0,0,0,0,0,1,0,0,0,0,0,0,0,0,1,0,0.0
282,0.0,0.924894311,6,0.0,0.065297059,4.0,0,0,1,0,0,0,0,0,0,0,0,0,0,0,1,0,1,0,1.0
199,1.0,0.610967471,5,0.0,1.0,2.0,0,0,0,0,1,0,0,0,0,0,0,0,0,0,0,1,0,0,0.0
258,0.0,0.921406066,5,0.0,0.642917727,3.0,0,0,0,0,0,0,0,1,0,0,0,0,0,0,0,1,0,0,0.01
301,0.0,0.919231207,6,0.0,0.137455525,4.0,0,0,1,0,0,0,0,0,0,0,0,0,0,1,0,0,0,1,1.0
128,0.0,0.0,2,0.0,0.337438136,3.0,1,0,0,0,0,0,0,0,1,0,0,0,0,0,0,0,1,0,0.96
131,0.0,0.919640504,5,0.0,0.355329025,6.0,0,0,0,0,0,0,0,0,0,0,0,0,0,1,0,0,1,0,0.1
199,0.0,0.5318219,5,0.0,0.18959578,5.0,0,1,1,0,0,0,0,0,0,0,0,0,0,1,0,0,1,0,0.0
260,0.0,0.939779578,6,0.0,0.078057536,5.0,0,0,1,0,0,0,0,0,0,0,0,0,0,1,0,0,1,0,1.0
238,0.0,0.556052077,4,0.0,0.277812639,2.0,0,1,0,0,0,0,0,0,1,0,0,0,0,0,0,0,0,1,0.6
151,0.0,0.0,2,0.0,0.412308432,3.0,1,0,0,0,0,0,0,0,0,0,0,0,0,0,1,0,1,0,1.0
158,0.0,0.0,2,0.0,0.450426371,3.0,1,0,0,0,0,0,0,0,0,0,0,0,0,1,0,0,1,0,0.99
176,0.0,0.834492315,4,0.0,0.949242158,2.0,0,0,0,1,0,0,0,0,0,0,0,0,0,1,0,0,1,0,0.01
258,0.0,0.0,4,0.0,0.855402396,3.0,1,0,0,0,0,0,0,1,0,0,0,0,0,0,0,0,0,1,0.0
227,0.0,0.811197417,4,0.0,0.908599651,5.0,0,0,0,1,0,0,0,0,1,0,0,0,0,0,0,0,1,0,0.82
134,0.0,0.528976124,4,0.0,0.418846169,3.0,0,1,0,0,0,0,0,0,0,0,1,0,0,0,0,0,1,0,0.0
254,0.0,0.519985947,4,0.0,0.501274962,4.0,0,1,0,0,0,0,0,0,0,0,0,0,0,1,0,0,1,0,0.34
185,0.0,0.914600598,5,0.0,0.978230584,5.0,0,0,0,1,0,0,0,1,0,0,0,0,0,0,0,0,1,0,0.11
175,0.0,0.852782718,3,0.0,0.659058062,3.0,0,0,0,0,1,0,0,0,0,0,0,0,0,0,0,0,1,0,0.0
267,0.0,0.875229642,4,0.0,0.713844419,2.0,0,0,0,1,0,0,0,1,0,0,0,0,0,0,0,0,1,0,0.0
261,0.0,0.517854043,3,0.0,0.53397225,3.0,0,1,0,0,0,0,0,1,0,0,0,0,0,0,0,0,1,0,0.02
274,0.0,0.478379923,5,0.0,0.845868494,3.0,0,1,0,0,0,0,0,0,1,0,0,0,0,0,0,0,1,0,0.04
140,1.0,0.75234471,2,0.0,0.529682467,3.0,0,0,0,0,0,0,0,0,0,0,0,0,0,0,1,0,1,0,0.07
257,0.0,0.930765827,5,0.0,0.978876112,5.0,0,0,0,1,0,0,0,1,0,0,0,0,0,0,0,0,1,0,0.83
131,0.0,0.490487949,2,0.0,0.353617009,3.0,0,1,0,0,0,1,0,0,0,0,0,0,0,0,0,0,1,0,1.0
232,0.0,0.939296933,5,0.0,0.764945485,5.0,0,0,0,1,0,0,0,0,0,0,0,0,0,1,0,0,1,0,1.0
161,0.0,0.688251271,4,0.0,0.530673995,3.0,0,0,0,0,0,0,0,0,0,0,0,0,0,1,0,0,0,1,0.01
162,0.0,0.686160868,3,0.0,0.76898499,8.0,0,0,0,0,0,0,0,0,0,0,0,1,0,0,0,1,0,0,0.01
238,0.0,0.901027565,5,0.0,0.759894394,8.0,0,0,0,1,0,0,0,0,0,0,0,0,0,1,0,0,1,0,0.15
117,0.0,0.0,2,0.0,0.498189245,3.0,1,0,0,0,0,0,0,0,0,0,1,0,0,0,0,1,0,0,0.53
259,0.0,0.81579342,5,0.0,0.956475243,5.0,0,0,0,1,0,0,0,0,0,0,0,0,0,1,0,0,1,0,0.95
114,1.0,0.415891715,4,0.0,0.364040117,4.0,0,1,0,0,0,0,0,1,0,0,0,0,0,0,0,0,1,0,0.0
108,1.0,0.590115532,3,0.0,0.669508109,2.0,0,1,0,0,0,0,0,0,0,0,0,0,0,1,0,0,0,1,0.0
258,0.0,0.718049425,3,0.0,0.409745289,4.0,0,0,0,0,0,1,0,0,0,0,0,0,0,0,0,0,0,1,0.04
145,1.0,0.816675256,3,0.0,0.776981455,3.0,0,0,0,1,0,0,0,0,0,0,0,0,0,0,1,0,1,0,0.01
141,0.0,0.729080749,5,0.0,0.722340577,3.0,0,0,0,0,0,0,0,0,0,0,0,0,0,0,1,0,1,0,0.01
158,1.0,0.658756867,4,0.0,0.122562307,4.0,0,0,1,0,0,0,0,1,0,0,0,0,0,0,0,0,1,0,0.22
259,0.0,0.908455759,4,0.0,0.834918873,3.0,0,0,0,1,0,0,0,0,0,0,0,0,0,0,1,0,1,0,0.02
174,0.0,0.959621104,4,0.0,0.719978547,3.0,0,0,0,1,0,0,0,0,0,0,0,0,0,1,0,0,0,1,0.01
150,0.0,0.634577879,5,0.0,0.894595503,3.0,0,0,0,0,0,0,0,0,0,0,0,0,1,0,0,0,0,1,0.0
133,0.0,0.689898326,4,0.0,0.501725575,3.0,0,0,0,0,0,0,0,0,0,0,0,0,0,1,0,0,0,1,0.04
308,0.0,0.880323904,7,0.0,0.119204117,4.0,0,0,1,0,0,0,0,1,0,0,0,0,0,0,0,0,0,1,1.0
185,0.0,0.693470925,3,0.0,0.938447228,2.0,0,0,0,0,0,0,0,1,0,0,0,0,0,0,0,0,0,1,0.01
225,0.0,0.640898771,4,0.0,0.772749166,3.0,0,0,0,0,0,0,0,0,0,0,0,0,0,1,0,0,1,0,0.0
269,0.0,0.956771831,2,0.0,0.569000905,2.0,0,0,0,0,0,0,0,1,0,0,0,0,0,0,0,0,1,0,0.03
241,0.0,0.625771211,3,0.0,0.576423686,3.0,0,0,0,0,0,0,0,0,0,0,0,0,0,1,0,0,1,0,0.0
263,0.0,0.728630619,3,0.0,0.756042836,3.0,0,0,0,0,0,0,0,0,0,0,0,0,1,0,0,0,0,1,0.0
244,0.0,0.890531242,5,0.0,0.743465022,6.0,0,0,0,1,0,0,0,0,0,0,0,0,0,1,0,0,1,0,0.98
221,0.0,0.884947078,5,0.0,0.871094768,6.0,0,0,0,1,0,0,0,0,0,0,0,0,0,0,1,0,0,1,0.96
232,0.0,0.995549834,5,0.0,0.286101166,5.0,0,0,0,0,0,0,0,0,0,0,1,0,0,0,0,0,1,0,0.29
176,1.0,0.781006948,3,0.0,0.634448761,2.0,0,0,0,0,0,0,0,0,0,0,0,0,0,1,0,0,1,0,0.0
286,0.0,0.93220761,3,1.0,0.743747429,6.0,0,0,0,1,0,0,0,1,0,0,0,0,0,0,0,0,0,1,0.05
155,0.0,0.414829743,2,0.0,0.361980447,3.0,0,1,0,0,0,0,0,0,0,0,0,0,0,0,1,0,0,1,0.96
271,0.0,0.812571371,3,0.0,0.895874231,3.0,0,0,0,1,0,0,0,0,0,1,0,0,0,0,0,0,1,0,0.03
167,0.0,0.943218831,4,0.0,0.500898721,4.0,0,0,0,0,0,0,0,0,0,1,0,0,0,0,0,1,0,0,0.0
223,0.0,0.890177529,4,0.0,0.832613287,5.0,0,0,0,1,0,0,0,1,0,0,0,0,0,0,0,0,0,1,0.92
156,0.0,0.587142571,2,0.0,0.473073951,3.0,0,1,0,0,0,0,0,0,0,0,0,0,0,1,0,0,1,0,1.0
260,1.0,0.969466287,6,0.0,0.134369365,4.0,0,0,1,0,0,0,0,1,0,0,0,0,0,0,0,0,1,0,0.93
214,0.0,0.491577719,4,0.0,0.808077272,3.0,0,1,0,0,0,0,0,0,0,0,0,0,0,1,0,0,0,1,0.0
160,0.0,0.580855886,3,0.0,0.490638639,2.0,0,1,0,0,0,1,0,0,0,0,0,0,0,0,0,0,0,1,0.01
215,0.0,0.606636192,3,0.0,0.742700657,3.0,0,0,0,0,0,0,0,0,0,0,0,0,1,0,0,0,0,1,0.0
214,0.0,0.97594075,3,0.0,0.627455746,2.0,0,0,0,0,1,0,0,0,0,0,0,0,0,0,0,0,0,1,0.02
229,0.0,0.825096501,3,0.0,0.711090467,2.0,0,0,0,1,0,0,0,0,0,0,0,0,0,1,0,0,0,1,0.08
156,0.0,0.860901433,5,0.0,0.922707066,4.0,0,0,0,1,0,0,0,0,0,0,0,0,0,1,0,0,1,0,0.08
209,0.0,0.0,4,0.0,0.624510274,3.0,1,0,0,0,0,0,0,0,0,0,0,0,0,1,0,0,0,1,0.0
181,0.0,0.63088962,4,0.0,0.83406722,4.0,0,0,0,0,0,0,0,1,0,0,0,0,0,0,0,0,1,0,0.15
223,0.0,0.792434891,4,0.0,0.90371056,3.0,0,0,0,0,0,0,0,0,0,0,0,0,1,0,0,0,1,0,0.01
196,1.0,0.474292452,3,0.0,0.77075727,3.0,0,1,0,0,0,0,0,0,0,0,0,0,0,1,0,0,0,1,0.0
272,0.0,0.64164616,4,0.0,0.572432071,3.0,0,0,0,0,0,0,0,1,0,0,0,0,0,0,0,0,0,1,0.0
253,0.0,0.681077523,3,0.0,0.936637282,3.0,0,0,0,0,0,0,0,0,0,0,0,0,0,1,0,0,0,1,0.03
213,0.0,0.713670314,6,0.0,0.219652869,6.0,0,0,0,0,0,0,0,0,0,0,0,0,0,1,0,0,1,0,0.0
246,0.0,0.904728912,3,0.0,0.776082336,3.0,0,0,0,1,0,1,0,0,0,0,0,0,0,0,0,0,0,1,0.0
264,0.0,0.879048502,5,0.0,0.142026494,6.0,0,0,1,0,0,0,0,1,0,0,0,0,0,0,0,1,0,0,0.09
101,1.0,0.948675489,3,0.0,0.641414944,3.0,0,0,0,0,1,0,0,0,0,0,0,0,0,0,0,0,0,1,0.06
235,0.0,0.435702349,2,0.0,0.705225801,6.0,0,1,0,0,1,0,0,0,0,0,0,0,0,0,0,0,1,0,0.03
140,0.0,0.565207056,5,0.0,0.580750445,3.0,0,1,0,0,0,0,0,0,0,0,0,0,0,0,1,0,1,0,0.0
152,0.0,0.912115156,5,0.0,0.610613331,3.0,0,0,0,0,1,0,0,0,0,0,0,0,0,0,0,0,1,0,0.08
106,1.0,0.780632422,3,0.0,0.860903406,6.0,0,0,0,0,0,0,0,0,0,0,0,0,0,1,0,0,0,1,0.04
236,0.0,0.650015852,5,0.0,0.922584146,6.0,0,0,0,0,0,0,0,1,0,0,0,0,0,0,0,0,0,1,0.04
109,0.0,1.0,3,0.0,0.461768094,6.0,0,0,0,0,0,0,0,1,0,0,0,0,0,0,0,0,1,0,0.17
271,1.0,0.454047656,4,0.0,0.594569501,3.0,0,1,0,0,0,0,0,0,0,0,0,0,0,1,0,0,0,1,0.04
150,0.0,0.428302961,2,0.0,0.445953479,3.0,0,1,0,0,0,0,0,0,0,0,0,0,0,1,0,0,0,1,1.0
237,1.0,0.715266534,3,0.0,0.745265806,3.0,0,0,0,0,0,0,0,0,1,0,0,0,0,0,0,0,1,0,0.01
233,0.0,0.0,4,1.0,0.957955203,3.0,1,0,0,0,0,0,0,0,0,0,0,0,0,1,0,0,0,1,0.0
179,1.0,0.924889354,3,0.0,0.503840001,2.0,0,0,0,0,0,0,0,0,0,0,0,0,0,0,1,0,1,0,0.07
104,0.0,0.487445975,3,0.0,0.459433322,7.0,0,1,0,0,0,0,0,0,0,0,0,0,1,0,0,1,0,0,0.0
131,0.0,0.52462984,2,0.0,0.357259705,3.0,0,1,0,0,0,0,0,0,0,0,1,0,0,0,0,0,1,0,1.0
201,0.0,0.86448506,6,0.0,0.958363321,4.0,0,0,0,1,0,0,0,1,0,0,0,0,0,0,0,0,1,0,0.06
261,0.0,0.801181498,4,0.0,0.555263368,3.0,0,0,0,0,0,0,0,1,0,0,0,0,0,0,0,1,0,0,0.0
234,0.0,1.0,5,0.0,0.824105297,5.0,0,0,0,1,0,0,0,0,0,0,1,0,0,0,0,0,0,1,0.98
161,0.0,0.570731743,4,0.0,0.521857274,2.0,0,1,0,0,1,0,0,0,0,0,0,0,0,0,0,0,0,1,0.02
148,0.0,0.510128887,2,0.0,0.451845932,3.0,0,1,0,0,0,0,0,0,0,0,0,0,0,1,0,0,1,0,1.0
166,0.0,0.855098043,3,0.0,0.940410207,4.0,0,0,0,1,0,0,0,0,0,0,0,0,0,1,0,0,1,0,0.06
203,0.0,0.704738722,3,0.0,0.180242672,3.0,0,0,1,0,0,0,0,0,0,0,0,0,0,1,0,0,0,1,0.06
263,0.0,0.812600223,3,0.0,0.88126721,6.0,0,0,0,1,0,0,0,0,0,0,0,0,0,1,0,1,0,0,0.12
264,0.0,0.82400651,4,0.0,0.571851017,4.0,0,0,0,0,0,0,0,1,0,0,0,0,0,0,0,0,0,1,0.11
176,0.0,0.672414005,3,0.0,0.923603121,3.0,0,0,0,0,1,0,0,0,0,0,0,0,0,0,0,0,1,0,0.0
265,1.0,0.611477881,4,0.0,1.0,2.0,0,0,0,0,0,0,0,1,0,0,0,0,0,0,0,0,0,1,0.04
179,0.0,0.55689454,5,0.0,0.92153943,3.0,0,1,0,0,0,1,0,0,0,0,0,0,0,0,0,0,1,0,0.0
243,1.0,0.0,4,0.0,0.618081826,3.0,1,0,0,0,0,0,0,1,0,0,0,0,0,0,0,0,1,0,0.0
256,0.0,0.860782052,5,0.0,0.660489793,2.0,0,0,0,0,0,0,0,1,0,0,0,0,0,0,0,0,0,1,0.02
226,1.0,0.858119495,3,0.0,0.779850206,3.0,0,0,0,1,0,0,0,1,0,0,0,0,0,0,0,1,0,0,0.0
165,1.0,0.577845825,5,0.0,0.859516662,2.0,0,1,0,0,0,0,0,0,0,0,1,0,0,0,0,1,0,0,0.0
165,0.0,0.363955445,6,0.0,0.43231249,3.0,0,1,0,0,0,0,0,0,1,0,0,0,0,0,0,0,1,0,0.16
178,0.0,0.676107079,3,0.0,0.85628251,3.0,0,0,0,0,0,0,1,0,0,0,0,0,0,0,0,1,0,0,0.0
221,1.0,0.918123277,4,0.0,0.604821681,3.0,0,0,0,0,0,0,0,0,0,0,0,0,0,0,1,0,1,0,0.0
237,0.0,0.670522554,3,0.0,0.752966985,5.0,0,0,0,0,0,0,0,0,0,0,0,0,0,1,0,0,1,0,0.07
138,0.0,0.668308608,5,0.0,0.579026784,2.0,0,0,0,0,0,0,0,1,0,0,0,0,0,0,0,0,0,1,0.03
233,0.0,0.743716027,4,0.0,0.691923145,2.0,0,0,0,0,0,0,0,0,0,0,0,0,0,1,0,0,0,1,0.0
149,0.0,0.745935275,3,0.0,0.770295163,3.0,0,0,0,0,0,0,0,0,0,0,0,0,0,1,0,0,0,1,0.0
287,0.0,0.893489711,3,0.0,0.265171172,5.0,0,0,0,0,1,0,0,0,0,0,0,0,0,0,0,1,0,0,0.11
151,1.0,0.862637466,3,0.0,0.632157224,4.0,0,0,0,0,0,0,0,0,0,0,0,0,1,0,0,0,0,1,0.01
233,0.0,0.95120146,4,0.0,0.934083966,6.0,0,0,0,1,1,0,0,0,0,0,0,0,0,0,0,0,0,1,0.88
142,0.0,0.949904823,3,0.0,0.545153936,2.0,0,0,0,0,0,0,0,0,0,0,0,0,0,0,1,0,1,0,0.04
177,0.0,0.856006469,4,0.0,0.515721866,3.0,0,0,0,0,0,0,0,0,0,0,0,0,0,0,1,0,0,1,0.0
169,0.0,0.4638732,2,0.0,0.550574992,3.0,0,1,0,0,0,0,0,0,0,0,0,0,0,1,0,0,0,1,0.01
171,0.0,0.736490276,5,0.0,0.114631316,5.0,0,0,1,0,0,0,0,0,0,0,0,1,0,0,0,0,0,1,0.02
140,0.0,0.630672302,3,0.0,0.504447431,2.0,0,0,0,0,0,1,0,0,0,0,0,0,0,0,0,0,0,1,0.01
141,0.0,0.455279319,2,0.0,0.295883299,3.0,0,1,0,0,0,0,0,1,0,0,0,0,0,0,0,0,0,1,0.33
162,0.0,0.563163203,4,0.0,0.750416617,3.0,0,1,0,0,0,0,0,0,0,0,0,0,1,0,0,0,1,0,0.0
263,0.0,0.498021297,5,0.0,0.684730359,3.0,0,1,0,0,0,0,0,1,0,0,0,0,0,0,0,0,1,0,0.0
139,0.0,0.0,3,0.0,0.698529341,3.0,1,0,0,0,0,0,0,1,0,0,0,0,0,0,0,0,0,1,0.0
248,0.0,0.914641548,6,0.0,0.128187773,4.0,0,0,1,0,0,0,0,0,0,0,0,0,0,1,0,0,1,0,1.0
251,0.0,0.518799245,5,0.0,0.959003721,10.0,0,1,0,0,0,0,0,0,0,1,0,0,0,0,0,1,0,0,0.01
263,1.0,0.734818455,2,0.0,0.547224952,3.0,0,0,0,0,0,0,0,0,0,0,0,0,0,1,0,0,0,1,0.01
153,0.0,0.503866939,5,0.0,0.517654135,4.0,0,1,0,0,0,0,0,0,0,0,0,0,0,0,1,0,1,0,0.17
149,1.0,0.478485134,5,0.0,1.0,3.0,0,1,0,0,0,0,0,0,0,0,0,0,0,1,0,0,0,1,0.01
156,0.0,0.518248917,7,0.0,0.709171341,2.0,0,1,0,0,0,0,0,0,0,1,0,0,0,0,0,0,0,1,0.38
228,0.0,0.917603693,5,0.0,0.219868239,6.0,0,0,0,0,0,0,0,0,0,0,0,0,0,1,0,0,0,1,0.0
194,0.0,0.558924397,3,0.0,0.7044244,4.0,0,1,0,0,0,0,0,0,0,0,0,0,0,1,0,0,1,0,0.0
226,0.0,0.700703344,4,0.0,0.909351848,2.0,0,0,0,0,0,0,0,0,1,0,0,0,0,0,0,1,0,0,0.02
142,0.0,0.63948555,6,0.0,0.239773069,3.0,0,0,0,0,1,0,0,0,0,0,0,0,0,0,0,0,1,0,0.06
263,0.0,0.775218854,6,0.0,0.088475792,4.0,0,0,1,0,0,0,0,1,0,0,0,0,0,0,0,0,1,0,1.0
214,1.0,0.652989559,5,0.0,0.966858887,3.0,0,0,0,0,0,0,0,0,0,0,1,0,0,0,0,0,1,0,0.0
198,0.0,0.656665842,5,0.0,0.608277599,3.0,0,0,0,0,0,1,0,0,0,0,0,0,0,0,0,0,1,0,0.0
218,0.0,0.559030229,5,0.0,0.206678947,5.0,0,1,0,0,0,0,0,1,0,0,0,0,0,0,0,0,0,1,0.15
140,0.0,0.553500993,2,0.0,0.499146487,3.0,0,1,0,0,0,0,0,0,0,0,0,0,0,0,1,0,1,0,0.98
175,0.0,0.0,4,0.0,0.46337916,3.0,1,0,0,0,0,0,0,0,0,0,0,0,0,1,0,0,0,1,0.02
184,0.0,0.940974714,2,0.0,0.866503048,2.0,0,0,0,1,0,0,0,0,0,0,0,0,0,1,0,1,0,0,0.17
291,0.0,0.771420878,6,0.0,0.126084402,4.0,0,0,1,0,0,0,0,0,0,0,0,0,0,1,0,0,1,0,0.99
159,0.0,0.525225462,4,0.0,0.420226882,2.0,0,1,0,0,0,0,0,0,0,0,0,0,1,0,0,0,1,0,0.0
176,0.0,0.828669123,5,0.0,0.335448314,3.0,0,0,0,0,0,0,0,0,0,0,0,0,0,1,0,0,1,0,0.1
267,0.0,0.505552236,4,0.0,0.55493492,3.0,0,1,0,0,0,0,0,1,0,0,0,0,0,0,0,0,0,1,0.03
230,0.0,0.674753304,5,0.0,0.808175758,2.0,0,0,0,0,0,0,0,0,0,0,0,0,0,0,1,0,0,1,0.0
147,0.0,0.552097078,2,0.0,0.377655778,3.0,0,1,0,0,0,0,0,0,0,0,0,0,0,1,0,0,1,0,1.0
200,0.0,0.790772856,4,0.0,0.639519547,4.0,0,0,0,0,0,0,0,0,1,0,0,0,0,0,0,0,0,1,0.01
202,1.0,0.697171576,4,0.0,0.983291586,4.0,0,0,0,0,0,1,0,0,0,0,0,0,0,0,0,0,1,0,0.01
145,0.0,0.545058456,2,0.0,0.470559815,3.0,0,1,0,0,0,0,0,0,0,0,0,0,0,0,1,0,1,0,1.0
251,0.0,0.707894638,4,0.0,0.665002791,3.0,0,0,0,0,0,0,0,0,0,0,0,0,0,1,0,0,1,0,0.0
173,0.0,0.552228749,5,0.0,0.521018222,2.0,0,1,0,0,0,0,0,0,1,0,0,0,0,0,0,0,0,1,0.03
285,1.0,0.752618725,5,0.0,0.109102686,4.0,0,0,1,0,0,0,0,0,0,0,0,1,0,0,0,0,0,1,0.48
150,0.0,0.662848727,3,0.0,0.731518634,3.0,0,0,0,0,0,0,0,0,0,0,0,0,0,0,1,0,1,0,0.0
154,0.0,0.745681618,5,0.0,0.882156986,3.0,0,0,0,0,0,0,0,1,0,0,0,0,0,0,0,0,0,1,0.0
261,1.0,0.0,3,0.0,0.975232364,3.0,1,0,0,0,0,0,0,0,0,0,0,0,0,1,0,0,0,1,0.0
167,0.0,0.896071974,3,0.0,0.957822341,2.0,0,0,0,1,0,0,0,0,0,0,0,0,0,1,0,0,1,0,0.01
125,0.0,0.949257396,3,0.0,0.247173221,2.0,0,0,0,0,0,0,0,0,0,0,0,0,0,0,1,0,1,0,0.05
222,0.0,0.971496678,4,0.0,0.703520862,2.0,0,0,0,1,0,0,0,1,0,0,0,0,0,0,0,0,1,0,0.02
253,0.0,0.850008068,7,0.0,0.09766555,4.0,0,0,1,0,0,0,0,0,0,0,0,0,0,0,1,0,1,0,1.0
223,1.0,0.563668714,3,0.0,0.492985859,3.0,0,1,0,0,0,0,0,0,0,0,0,0,0,0,1,0,0,1,0.0
191,0.0,0.988814025,6,0.0,0.810873903,6.0,0,0,0,1,0,0,0,0,1,0,0,0,0,0,0,0,0,1,0.19
290,0.0,0.803440321,6,0.0,0.124747079,4.0,0,0,1,0,0,0,0,1,0,0,0,0,0,0,0,0,0,1,0.99
152,0.0,0.693706655,3,0.0,1.0,2.0,0,0,0,0,0,0,0,0,0,0,0,0,0,1,0,0,0,1,0.01
165,0.0,0.608376777,5,0.0,0.177752014,3.0,0,0,1,0,1,0,0,0,0,0,0,0,0,0,0,0,1,0,0.05
139,0.0,0.672117012,3,0.0,0.969323677,2.0,0,0,0,0,0,0,0,0,1,0,0,0,0,0,0,0,1,0,0.0
141,0.0,0.651047333,4,0.0,0.638122516,4.0,0,0,0,0,0,0,0,0,0,0,0,0,0,0,1,0,0,1,0.02
240,0.0,0.0,4,0.0,0.889912157,3.0,1,0,0,0,0,0,0,0,1,0,0,0,0,0,0,0,1,0,0.0
281,0.0,0.618136693,5,0.0,0.5683003,4.0,0,0,0,0,0,0,0,0,0,0,0,0,0,1,0,1,0,0,0.01
218,0.0,0.616831072,4,0.0,0.955390126,4.0,0,0,0,0,0,0,0,0,1,0,0,0,0,0,0,0,1,0,0.01
265,1.0,1.0,5,0.0,0.948591142,5.0,0,0,0,1,0,0,0,1,0,0,0,0,0,0,0,0,0,1,0.95
224,0.0,0.71810153,6,0.0,0.199963888,4.0,0,0,1,0,0,0,0,1,0,0,0,0,0,0,0,0,0,1,0.05
143,0.0,0.937271147,6,0.0,0.599625781,5.0,0,0,0,0,0,0,0,0,0,0,0,0,0,0,1,1,0,0,0.08
243,0.0,0.855150161,4,0.0,0.957990045,5.0,0,0,0,1,0,0,0,0,0,0,0,0,0,1,0,0,0,1,0.92
132,0.0,0.50889284,2,0.0,0.331830597,3.0,0,1,0,0,0,0,0,0,1,0,0,0,0,0,0,0,1,0,1.0
100,0.0,0.0,2,0.0,0.597562364,2.0,1,0,0,0,0,0,0,0,0,0,0,0,1,0,0,0,1,0,0.0
161,0.0,0.48211828,4,0.0,0.550995476,7.0,0,1,0,0,0,0,0,0,0,1,0,0,0,0,0,1,0,0,0.03
127,0.0,0.579529109,2,0.0,0.366161684,3.0,0,1,0,0,0,0,0,0,0,0,0,0,0,1,0,0,1,0,1.0
262,0.0,0.869048133,5,0.0,0.777183327,5.0,0,0,0,1,0,0,0,0,0,0,0,0,0,0,1,0,1,0,0.99
252,0.0,0.610339525,5,0.0,0.227823481,4.0,0,0,0,0,0,0,0,1,0,0,0,0,0,0,0,0,0,1,0.07
198,0.0,0.993574777,4,0.0,0.730500565,3.0,0,0,0,1,0,0,0,0,0,0,0,0,0,0,1,0,1,0,0.0
176,0.0,1.0,4,0.0,0.670213942,5.0,0,0,0,0,0,0,0,1,0,0,0,0,0,0,0,0,1,0,0.19
209,0.0,0.778051757,3,0.0,1.0,2.0,0,0,0,0,0,0,0,0,0,0,0,0,0,0,1,0,0,1,0.02
153,0.0,0.585797114,2,0.0,0.48932768,3.0,0,1,0,0,0,0,0,1,0,0,0,0,0,0,0,0,0,1,0.94
144,0.0,0.566857314,3,0.0,1.0,3.0,0,1,0,0,0,0,0,0,0,0,1,0,0,0,0,0,1,0,0.0
174,0.0,0.975753122,5,0.0,0.097735922,5.0,0,0,1,0,0,0,0,0,0,0,0,0,0,1,0,0,0,1,0.05
257,1.0,0.647859648,3,0.0,0.490517395,2.0,0,0,0,0,0,0,0,0,1,0,0,0,0,0,0,1,0,0,0.0
253,1.0,0.949838545,4,0.0,0.789600668,5.0,0,0,0,1,1,0,0,0,0,0,0,0,0,0,0,0,0,1,0.88
229,0.0,0.0,4,0.0,0.903939498,3.0,1,0,0,0,0,0,0,0,0,0,0,0,1,0,0,0,0,1,0.0
160,1.0,0.67368649,4,0.0,0.57951996,2.0,0,0,0,0,0,0,0,0,0,0,0,0,0,0,1,1,0,0,0.0
155,0.0,0.77433771,4,0.0,0.691366426,3.0,0,0,0,0,0,0,0,1,0,0,0,0,0,0,0,0,1,0,0.02
196,0.0,0.0,4,0.0,0.845196525,3.0,1,0,0,0,0,0,0,0,0,0,0,0,0,1,0,0,0,1,0.0
264,0.0,0.823840708,4,0.0,0.899294591,6.0,0,0,0,1,0,0,0,0,0,0,0,0,0,0,1,0,1,0,0.96
262,0.0,0.919659101,4,0.0,0.953076328,6.0,0,0,0,1,0,0,0,0,0,0,0,0,0,0,1,0,1,0,1.0
234,0.0,0.633014722,4,0.0,0.8117254,2.0,0,0,0,0,0,0,0,0,0,0,0,0,0,1,0,1,0,0,0.0
186,1.0,0.463857934,3,0.0,0.556274545,3.0,0,1,0,0,1,0,0,0,0,0,0,0,0,0,0,0,0,1,0.0
139,1.0,0.464265289,3,0.0,0.674672622,10.0,0,1,0,0,0,0,0,0,0,0,0,0,0,1,0,0,1,0,0.0
99,0.0,0.362616525,3,0.0,0.598064623,2.0,0,1,0,0,0,0,0,0,0,0,0,0,0,0,1,0,1,0,0.0
255,0.0,0.72031019,2,0.0,0.724554616,3.0,0,0,0,0,0,0,0,0,0,0,0,0,0,0,1,0,0,1,0.09
273,0.0,0.805626906,4,0.0,0.822028896,5.0,0,0,0,1,0,0,0,0,0,1,0,0,0,0,0,0,1,0,0.86
156,0.0,0.435674115,2,0.0,0.378705326,3.0,0,1,0,0,0,0,0,0,0,0,0,0,0,1,0,0,1,0,1.0
257,0.0,0.880585271,3,0.0,0.6889396,3.0,0,0,0,0,0,0,0,0,0,0,0,0,0,1,0,0,0,1,0.01
176,0.0,0.980087926,4,0.0,0.633612315,3.0,0,0,0,0,0,0,0,1,0,0,0,0,0,0,0,1,0,0,0.01
140,0.0,0.787279993,3,0.0,0.609136605,3.0,0,0,0,0,0,0,1,0,0,0,0,0,0,0,0,0,1,0,0.0
247,0.0,0.735690098,4,0.0,0.559909905,10.0,0,0,0,0,0,0,0,0,0,1,0,0,0,0,0,1,0,0,0.0
211,0.0,0.599133807,4,0.0,0.946140023,3.0,0,1,0,0,0,0,0,0,1,0,0,0,0,0,0,0,0,1,0.0
136,0.0,0.0,2,0.0,0.393580519,3.0,1,0,0,0,0,1,0,0,0,0,0,0,0,0,0,0,0,1,0.99
258,0.0,0.809516391,4,0.0,0.913363097,2.0,0,0,0,1,0,0,0,0,0,0,1,0,0,0,0,0,1,0,0.03
197,1.0,0.774141671,3,0.0,0.682194628,3.0,0,0,0,0,0,0,0,0,0,0,0,0,0,1,0,0,1,0,0.01
190,0.0,0.533225107,3,0.0,0.55262763,3.0,0,1,0,0,0,0,0,0,0,0,0,0,0,1,0,0,1,0,0.0
